Date,Equity,Rates,Credit
2023-01-03,0.0033471707975443136,0.007190244666578561,-0.0046011060446285845
2023-01-04,-0.010099841062404956,0.003576853314053638,-0.0030740658198572836
2023-01-05,0.007804511958064572,4.578175636586406e-05,-0.005717368998961355
2023-01-06,0.009705647163912139,0.000995149239204332,0.0009102977953143738
2023-01-09,-0.019210351886538364,0.00017684951241679224,0.003748578368918542
2023-01-10,-0.012721795068623181,-0.0008116559391821909,-0.00783549150399121
2023-01-11,0.0015784040316728536,-0.0043297087895531475,0.00022564355608016676
2023-01-12,-0.002862425923435822,-0.0006042075104277171,-0.000999678976331678
2023-01-13,0.00013198842495711202,-0.0029843930266100537,0.0018075434276840147
2023-01-16,-0.008230439275735801,-0.005001262155692586,3.5306159482059697e-05
2023-01-17,0.009093979748628286,0.002044887258190139,-0.007167996399658154
2023-01-18,0.008077919354289484,0.0015650586397329398,-0.006211946494285827
2023-01-19,0.0009603069756121605,-0.0071468300454723115,0.00024711787792486365
2023-01-20,0.011572412069680328,-0.0004907385499805088,0.005243904598727547
2023-01-23,0.004975093422520456,0.003982805543599694,-0.010970936855215016
2023-01-24,-0.008292924628832382,0.004236894955585283,0.0018286328990078998
2023-01-25,0.003987507840824989,0.0041033473715409545,0.006048110026438216
2023-01-26,-0.009288826008289989,0.0001556528276058392,-0.0006651293810310655
2023-01-27,0.009084503013072726,-0.0033801813118766043,0.002851012480132204
2023-01-30,-0.00019925910986252898,-0.004334795309432243,-0.003415345404489011
2023-01-31,-0.0015486236354526057,0.00137841961900143,-0.000496830996384384
2023-02-01,-0.006509295444039414,0.001517120137460652,-0.008004567591540758
2023-02-02,0.012525413386740302,0.005149324446420262,-0.01162171654209437
2023-02-03,-0.0012452948206880218,0.0043999186013683345,0.004813829006126377
2023-02-06,-0.003983278221631073,-0.0005289146261246885,-0.004824974638622209
2023-02-07,-0.003221335504882296,-0.004976823515443478,-0.002177639225017153
2023-02-08,0.005623091855533487,-0.0012764263880435914,-0.006832211266350966
2023-02-09,0.003954440643640784,0.0008689247792420987,-0.006949848515419379
2023-02-10,0.004427326115959884,-0.0008083329815576164,-0.0007691885004730818
2023-02-13,0.004608210030078827,-0.0023115764323106236,-0.0035478859706782324
2023-02-14,0.021716476008704615,0.0010115392598795956,0.001989854989973492
2023-02-15,-0.0037641501638461562,-0.002015830965642442,0.0023626920948979593
2023-02-16,-0.0048224272907153734,-0.002512264334901496,0.0017042482316230359
2023-02-17,-0.007837727282478777,0.0012458113372137583,0.0012930039546422186
2023-02-20,0.006459794225754957,-0.0016079703205168193,0.00798884102465943
2023-02-21,0.011589722927208916,0.0009764175559134086,-0.0052379688452244295
2023-02-22,-0.0008394745765487508,0.0010928160914084907,-0.00017467433101458877
2023-02-23,-0.00810156476962528,-0.004557716004366299,0.005763449102597944
2023-02-24,-0.007944812156912395,-0.0019249644954616489,0.0064226990466901826
2023-02-27,0.006805927878247011,0.005751107759665849,-0.007008818246722864
2023-02-28,0.007732541712034423,-0.004648318050937149,-0.0014617772082793495
2023-03-01,0.00573154268305195,-0.008466617795882125,0.006890605479336303
2023-03-02,-0.0063550970728869435,-0.007447380612970046,0.0026403955259953265
2023-03-03,0.0026216132306671977,0.00011643978630667682,0.0010763151573988637
2023-03-06,0.0014668580914072823,0.00012366911213079564,-0.0009884234671732838
2023-03-07,0.0024868859672901294,-0.00047044342170048375,-0.001819004628538727
2023-03-08,0.009014287779481898,0.004856759315714007,0.0015410953154516211
2023-03-09,0.002535955487746823,-0.010691337732411751,-0.0011618706249224167
2023-03-10,0.007089135630718949,0.0015837354977232944,-0.0001128931052222209
2023-03-13,0.0009757906948889147,0.006245752807214293,0.0004929935305751869
2023-03-14,0.0031911939868998415,-0.004511123059566856,-0.003290357642467496
2023-03-15,0.006612882258385404,-0.0015192260471595805,0.0027606468694071915
2023-03-16,-0.014271558198556664,-0.003011567668914484,0.014671223242077099
2023-03-17,-0.0028967121635730137,-0.003577384184310115,-0.008784933196630377
2023-03-20,-0.004403726542927955,-0.00130504802009216,0.0017200626209498994
2023-03-21,-0.006088778482433419,0.005709941134738019,-0.0037009504430945282
2023-03-22,-0.0024514225122668374,0.007349546701950082,0.00298701288759625
2023-03-23,0.015249413112343959,-0.001343756900160591,0.0003327873666393046
2023-03-24,-0.008358311156932433,0.007620240856257881,0.003909273870212318
2023-03-27,0.009982783545914808,0.00014230590793849946,0.005977532882543898
2023-03-28,-0.016528697716158048,0.007014764106804324,0.0010621055888409066
2023-03-29,-0.0030488502998577485,-0.0003731945986139671,0.005760261442070891
2023-03-30,0.0019275306510500559,0.0005242313041845772,-0.011621489468943388
2023-03-31,0.006162223313592782,0.0014618978905713382,0.008052261489580116
2023-04-03,0.00741226579792855,0.012715414717470142,0.0019753107594617006
2023-04-04,0.008233472351999253,0.0034051422993791563,0.00548921677872591
2023-04-05,-0.0031872507224843757,-0.0028290581198058547,-0.005999378724207608
2023-04-06,-0.0043235179266456715,0.003875991481103432,-0.004053849408026678
2023-04-07,0.00887975881257154,-0.001447330148337366,0.0008296914707238707
2023-04-10,-0.001613043248816149,-0.0019590007316048364,1.4810553312684925e-05
2023-04-11,-0.012456863233379219,0.003634405439568445,0.0015153429400499479
2023-04-12,-0.011032872140034808,0.00012434235108461114,0.005522575804649831
2023-04-13,-0.008894522860016114,0.0011143036580472244,-0.008726101576514246
2023-04-14,0.00527160744053764,5.594088746116985e-05,0.004969095358586546
2023-04-17,0.0017242573607056525,0.001346332506421739,0.0001414095497896351
2023-04-18,0.007204853540677682,0.001699863589744597,-0.0009189093056227386
2023-04-19,-0.003972526463365343,-0.007747867730821661,-0.007255576171924452
2023-04-20,0.0018853969107671422,0.0026662906744381342,0.002615243341884325
2023-04-21,0.006555903939673367,-0.003928077679321203,-0.011970539255155187
2023-04-24,-0.002793465397202384,-0.005769196542237645,0.0033419700561935634
2023-04-25,0.004867752375574115,-0.00023364497543472976,-0.00736052917736496
2023-04-26,-0.006319259410666513,0.0003359240132578171,0.00036728956308737016
2023-04-27,-0.003330538465650718,-0.0027740246582891232,-0.000495844186639602
2023-04-28,-0.003517378939983291,0.0033241274306718975,0.005947690736469419
2023-05-01,-0.011658396455890396,-0.005368700665483628,-0.0007932758450694508
2023-05-02,0.005169724807855818,-0.001627774995090236,-0.0033706928057283285
2023-05-03,-0.004394023402027239,-0.0023394965397320025,-0.002433013479856015
2023-05-04,0.00042494118727687426,-0.00018634908135735747,0.006464413843773318
2023-05-05,0.0051074665890590894,0.0011154571385889552,0.0027814848459044683
2023-05-08,0.004765311760299441,-0.004031571798494179,-0.0018281499076158066
2023-05-09,0.006953851089727863,0.0028971307098249128,-0.0010822320998225671
2023-05-10,-0.0006848548450942363,0.0002520094733387989,-0.007735885452927234
2023-05-11,-0.003932983120441538,-0.007567785013247642,0.002042371004257705
2023-05-12,-0.0004971821090639906,-0.007834365761588124,-0.00869907853847733
2023-05-15,-0.016573344339580298,-4.927717171724494e-05,0.0038589823291772804
2023-05-16,-0.014171124724230873,-0.0008838692711454164,0.0007431079624563293
2023-05-17,-0.012926996123544024,-0.000413680454298534,0.012034758997869611
2023-05-18,-0.009672468276014819,-0.00011192982612087192,-0.005400677768621529
2023-05-19,0.004297742267234366,0.0009022393580407229,-0.00041331045520316467
2023-05-22,-0.008754790553600608,0.003790598439393199,0.009091438504615313
2023-05-23,-0.003481625540393897,-0.0044444196036702325,0.006056948201457072
2023-05-24,0.013292282977860654,-0.004687886371603179,-0.003381060257899499
2023-05-25,-0.0032626397106142596,-0.00437329543154953,0.0012198371418672388
2023-05-26,0.0076751556846708655,0.0011556666686748276,0.00010999678207543617
2023-05-29,-0.00903617680009877,0.004979789514585782,0.001509779336970786
2023-05-30,-0.0017543755786763003,-0.001725357752958042,-0.003393402179924149
2023-05-31,-0.009200220549105813,-0.010006799376638618,-0.0003466020135036726
2023-06-01,-0.003090330759005625,-0.006815971450441502,-0.007890261876383569
2023-06-02,0.008703081374573955,-0.0033321468911840465,0.0007756172593404103
2023-06-05,-0.016973204231923486,-0.002230915549980859,0.00235010336710916
2023-06-06,0.004644236435458573,-0.0016335545090189058,-0.00103709706321942
2023-06-07,0.0026773560233227787,0.00015432449192366826,-0.007975254452923939
2023-06-08,-0.005641499556967944,-0.0012469853232897885,0.0050426593142573126
2023-06-09,-0.014160578543884547,0.004197358442173628,0.0019226251899640114
2023-06-12,0.0010212950771386951,-0.002704069222725475,-0.0035300754885048843
2023-06-13,-0.0049949270906380246,-0.003449271837902172,-0.0013030022341903199
2023-06-14,0.0026267621135470393,0.0019155021540818464,-0.007403347013909194
2023-06-15,0.0005185214552344288,-0.006142568279704478,-0.005027050638889522
2023-06-16,0.016317788913209157,0.001558766821280009,-0.0025890567317856973
2023-06-19,-0.002093556274730243,0.00041021273490506743,0.006242104061400756
2023-06-20,-0.00993497492621865,-0.0005897699596726696,-0.0030975169544373783
2023-06-21,0.0020927563495631617,0.006353104428597049,0.0033010682966437936
2023-06-22,0.0024999668397176515,-0.0024888297811788717,-0.002591581014307899
2023-06-23,0.013891875752404366,0.008241192682096313,0.0013397378042593743
2023-06-26,0.008651112459145785,-0.0009017257969123972,-0.0006069775107190108
2023-06-27,0.0038687105914950934,-0.005108065779880913,0.004465283000463717
2023-06-28,0.014933028912195619,0.00027967832397930123,-0.0025740566910927897
2023-06-29,-0.011587630543228509,-0.004304980801275072,-0.007762641250012205
2023-06-30,-0.0060975153274974775,-0.003007023391254001,-0.006809745156818163
2023-07-03,-0.008965759414055249,0.0015881332000619646,-0.002559387469713787
2023-07-04,-0.0035980980315576797,0.002222328354600499,-0.006145299853390264
2023-07-05,-0.013466861475563089,-0.0024886708010170328,0.0021510600783977564
2023-07-06,0.006651509468144043,0.003949620580185603,-0.002228840824290389
2023-07-07,-0.0019222269709877338,0.004630031032084536,0.011973032750132158
2023-07-10,-0.014408062945026579,0.005745207026253164,-0.008588572975685662
2023-07-11,-0.009855790812075417,0.0021176536285028888,0.0011181658935490062
2023-07-12,0.003435138474501953,0.005453714848342795,-0.005539765117528345
2023-07-13,0.008681265678943811,-0.007523193711896231,-0.002367006701913393
2023-07-14,0.020267308916917866,-0.0012716261945138502,0.0008070973667027209
2023-07-17,0.029438624660073298,-0.003468021025293705,-0.011526856874371435
2023-07-18,0.004444094332759964,0.00047690344450956835,0.0012841305839401374
2023-07-19,-0.009595381200318642,-0.002285796876786949,0.009614537311370838
2023-07-20,-0.02102046280731309,-0.0006646313677989295,-0.0021671914918429645
2023-07-21,0.002977114623438358,0.007528699520816198,0.0013990392840275475
2023-07-24,-0.00782941095310326,-0.0006788791856815132,0.0052246084656269965
2023-07-25,-0.0038535726017968532,0.0016551692687608558,-0.0007197675001349828
2023-07-26,-0.005820967990598081,-0.0009290773196969408,-0.002804800942657416
2023-07-27,-0.0011079088641638528,0.0003028531518273347,-0.011278682018608762
2023-07-28,0.010959802307876436,2.4066721744285837e-05,0.0033049535969748665
2023-07-31,0.001870485674453446,0.001793296263892638,-0.00046584204864448623
2023-08-01,-0.0012863483703868831,0.004661230142188708,-0.004963419256940808
2023-08-02,-0.010056537528258117,0.006589575990413318,0.0007329835513884679
2023-08-03,-0.01644682944704357,0.0012384803276366675,-0.002818401784030907
2023-08-04,-0.004563079090733309,0.0023581875441424085,-0.0025421306555776283
2023-08-07,-0.00023782550818320498,-0.004603458036742268,0.003131455780543541
2023-08-08,0.01797929913579883,-0.0003515069696624823,-0.0065919120566192225
2023-08-09,0.0016027452147288584,0.0037611578595343562,0.005336576430368793
2023-08-10,0.010127395110230576,0.0034638745536686127,-0.0068884308155920185
2023-08-11,-0.0046929559853915205,0.0008464389311802009,-0.0032135070417763194
2023-08-14,-0.011549437664170246,0.0035455758382718096,0.009714730970332887
2023-08-15,-0.009351167622323719,0.0019630668359752754,0.0057367738082121115
2023-08-16,-0.006952260645357532,0.0048012250330372866,0.000588019962477201
2023-08-17,0.021584697324351646,0.0011574366278284446,-0.004602651077506082
2023-08-18,-0.007913866792243861,-0.0014227932622841387,-0.0025463615334994664
2023-08-21,0.008684892037363449,0.0013433650277320946,0.000466376572928482
2023-08-22,-0.008729271780870265,-0.011722377503411104,0.0002876161616979921
2023-08-23,0.009615730128742441,0.0015315429455401979,-0.0003543546481298143
2023-08-24,0.0041495096610586315,-0.014593651300859135,-5.416257042092165e-05
2023-08-25,-0.0012663789765809043,-0.006893853629621673,-0.0009718755485255703
2023-08-28,-0.00010762526135434027,0.0018070744037639367,-0.007109893678200065
2023-08-29,-0.006247876954293905,0.001910117349067181,-0.0024825537108041644
2023-08-30,0.004760722014820805,-0.0046497151205597215,0.004673120269934233
2023-08-31,-0.0042498348034078,-0.0028484081675157554,-0.006741671487755587
2023-09-01,-0.011956057637672482,0.005482163954456528,-0.0008477775576963926
2023-09-04,-0.012479375743196193,-0.0019361205262907048,-0.00399876964385422
2023-09-05,0.0020258791772211947,0.008971681249611941,0.0006567521469905567
2023-09-06,0.016090912564104352,-7.679412705384596e-06,-0.0018431659053340908
2023-09-07,0.0018999161357343825,0.0016321447075250673,0.007486968324873345
2023-09-08,-0.0008863832610988256,0.006467497593994431,0.002632915770951269
2023-09-11,0.003158261396025429,0.0005241084647736782,-0.006459015828886056
2023-09-12,0.013360017417068248,-0.004009375922763205,0.003456140058068493
2023-09-13,0.0024938250136385632,-0.00043890980677716045,-0.0037732592813103155
2023-09-14,-0.003809272308337372,-0.00014244294476036375,-0.002784981856887668
2023-09-15,0.011362887100598889,-0.0054589666088062615,0.0016690951005356091
2023-09-18,0.004587564384616135,-0.0010233282853632935,-0.002358737098650674
2023-09-19,0.015657559919959922,-0.002968768375989747,0.004564279081614777
2023-09-20,0.0021323443722190616,0.0036974310287497363,-0.0037725503075669775
2023-09-21,-0.011944690317205003,0.00013844749674102246,-0.002994732762956816
2023-09-22,-0.01338159199245665,-0.0011311829965902802,-0.0031818544677405447
2023-09-25,0.016809279322312496,-0.00042472772249030507,-0.002728193741775195
2023-09-26,0.017536657207832974,0.0008924880736246645,0.0055959577777390645
2023-09-27,-0.0014951921328260065,0.0024672567987591193,0.0032439814680515155
2023-09-28,-0.0035318732113598776,-0.003998848914677526,0.008649719770060356
2023-09-29,0.014914442922422022,-0.004166350530485087,0.011438221019496273
2023-10-02,-0.01077045682043488,0.00441871686161012,-0.005053585159661699
2023-10-03,-0.008647270189558263,-0.0016493474888189224,0.0004520956366364444
2023-10-04,0.006733267946890444,-0.005667368370387497,-0.005781001583217165
2023-10-05,-0.0036460512285958965,0.0017752508375324186,-0.003788029638741336
2023-10-06,0.000248781332799287,0.0018534792241307477,-0.0030504125512783474
2023-10-09,-0.0013344289852451259,-0.0061228610290268255,-0.0051857743706913715
2023-10-10,0.003675745487989336,0.0009179268618544252,-0.005159436364492068
2023-10-11,0.014374818613137169,0.0029423323697134944,-0.0006214218926012743
2023-10-12,0.0012058490690174555,0.0014975458068250522,-0.005983592091932035
2023-10-13,0.006739387932768579,0.002527925935045581,0.0043106347956881645
2023-10-16,-0.020201721010310224,-0.005617076392362997,-0.004488767687087571
2023-10-17,-0.00018718401930117954,0.0013241606199847825,0.01414784485048196
2023-10-18,-0.008132302702928711,-0.0012104790378817862,-0.002156922254821976
2023-10-19,-0.011888130604236281,-0.0019311606348985794,0.0004600882095852611
2023-10-20,-0.008481523669287509,0.0034822224376789062,-0.006376705922330176
2023-10-23,-0.0030412344070081206,0.00591709804269692,0.008630458790638196
2023-10-24,0.00945902542356013,0.007177480218401436,0.005697503404014582
2023-10-25,-0.01296392717739564,0.00525923148602362,0.0015845793536805627
2023-10-26,0.0006063149259441744,-0.00043893672652073475,-0.006634012743897828
2023-10-27,-0.004541694333335785,0.0014108806521053723,0.0011533343886231016
2023-10-30,-0.0029767309436196086,0.0030672914871369746,-0.005507155230086274
2023-10-31,0.010327578253046041,0.00048471179719784786,0.007411776317366804
2023-11-01,0.00568115437003926,0.0005230567516461775,0.004145973659265864
2023-11-02,0.013673981074427436,0.003295012527504728,0.0005771951924386806
2023-11-03,-0.0012450567924990048,-0.00023713058410372887,-0.012081878316236612
2023-11-06,-0.006659426116707031,-0.002917147745494646,-0.004817079893295153
2023-11-07,-0.0019385881688049954,-0.001657892263343434,0.003538805657999362
2023-11-08,0.0027249679127122157,0.0025356415109349696,0.0061644184586157795
2023-11-09,0.0020657335845371103,1.1973164799822928e-05,0.005645849057460658
2023-11-10,-0.010543880722333665,0.0013608399074733514,-0.007860065011207278
2023-11-13,0.0012048978162787422,0.002680316968808759,0.0016077615340645203
2023-11-14,0.0025822833013890516,-0.0014993658515904385,0.005177576082414648
2023-11-15,0.025474740375339207,0.003024992654519224,-0.008191677827911227
2023-11-16,0.019068446112816703,0.0015153704138335777,6.047742313381827e-05
2023-11-17,-0.0082324335055882,-0.0049392523476459145,0.0014692119915422812
2023-11-20,-0.002573833615491761,0.005769219164744977,-0.0014038229242336745
2023-11-21,-0.014334420018370032,-0.0020029789750276644,-0.009160809277006009
2023-11-22,-0.005607070139634865,-0.006620381372740736,-0.0015284905503686434
2023-11-23,0.003456050035903405,-0.004180174838345209,-0.00153652715127512
2023-11-24,0.012358536208882337,-0.004084180642713288,-0.0006403620227387709
2023-11-27,-0.006990838377436085,0.00020869327463013388,-0.002717357127125348
2023-11-28,-0.006241464400677966,-0.0010954020221849489,-0.002115060766207337
2023-11-29,-0.02117289029738655,-0.0013473278705623715,-9.85314117348895e-05
2023-11-30,-0.0013266592054490768,0.002478807861929916,0.0023122730248485556
2023-12-01,-0.010324144118595632,0.0013595014447708152,-0.001422133814283336
2023-12-04,-0.004994394273660737,0.001264191482577145,-0.0019482446418400093
2023-12-05,-0.008468607781675883,0.0016393138293147706,0.0005617701912722904
2023-12-06,-0.00064262554252557,0.002464538672008953,-0.009504579629475908
2023-12-07,-0.01727728391356631,-0.008431813367109773,0.00248517563613229
2023-12-08,-0.014370452453909907,-0.0014577530090578448,9.718451438520596e-05
2023-12-11,0.021592471120282983,-0.008720840257957897,0.00029846763298780915
2023-12-12,-0.01257422581274031,0.00014423970719118164,0.00490367153797232
2023-12-13,-0.010667855784546397,-1.8531888897381282e-05,-0.009664077650241241
2023-12-14,0.018669135283213144,0.004182129099158721,-0.00976916934929482
2023-12-15,0.02935067169240407,0.004750537570884484,0.0014690192266175977
2023-12-18,-0.011415666288253417,0.0008111001930094693,6.441572435742114e-05
2023-12-19,-0.0033824895678803055,-0.0020014443095875993,0.0009508847159596612
2023-12-20,0.0037155555094050955,0.0019406444501829515,-0.002210635375862228
2023-12-21,0.017586976444055925,-0.002111670549297254,0.003421768371199656
2023-12-22,-0.009568570784282375,-5.570605773395596e-06,0.0047631942149556
2023-12-25,-0.0021527784594210977,0.003944545267843071,0.0025199114697576352
2023-12-26,0.008073375760617441,-0.0022310853839576945,-0.0012041422920229157
2023-12-27,0.004647660744666186,0.0032227145569700038,-0.010438446938072015
2023-12-28,-0.0034615607123009927,0.0027096054747692095,0.00394618104018564
2023-12-29,-0.0010382296451604115,-0.003819167268523286,0.006208643331087964
2024-01-01,-0.013448958083699818,0.003895576512869604,0.0033227920599199
2024-01-02,-0.0020817374397466525,0.0027942653814860205,-0.004298212136837533
2024-01-03,-0.0023638749000895513,0.0004077035494906298,0.0034689719683387893
2024-01-04,0.0026216988962625594,-0.003049293832110609,0.004402648539807228
2024-01-05,-0.00525327218819016,-0.0034368240743022803,0.007894081238995428
2024-01-08,0.00501538522545139,-0.00215065030761209,-0.004280549621139788
2024-01-09,0.010427158178198285,0.00217037785316784,-0.0010322729227206923
2024-01-10,0.0018542932766846603,-0.003822500669605592,0.003836360255717276
2024-01-11,0.0038175640839920345,0.0017500489944794798,0.00038705035719078894
2024-01-12,0.0008315534757786737,-0.004967022115513571,-0.005486638010256374
2024-01-15,0.0003008439309141418,-0.0008162743377553959,0.002173081425133515
2024-01-16,-0.006915580335428474,0.00043859101829603456,0.0029933081690758333
2024-01-17,0.0034649426167330803,0.009780520580235668,0.0005398144816550099
2024-01-18,-0.0006728659841348948,-0.00550926262208147,0.0011979246358997209
2024-01-19,0.02123168308930595,0.005888058265960534,-0.0011935295084286508
2024-01-22,0.016033549024752427,0.0005993696559491202,0.007491394678580297
2024-01-23,0.004158465525565008,0.0016446876720638526,-0.004403460918563383
2024-01-24,-0.007330572096947675,0.0004733916535528181,-0.0028366038138188947
2024-01-25,-0.01082411471983418,0.001778907272780932,0.0001549275676376281
2024-01-26,0.012211429530888652,-0.0006147404174480709,0.0044947701385044635
2024-01-29,0.002927492251471385,0.005816200725829833,-0.007386865850472684
2024-01-30,0.005101434033916108,-0.0018258845768988896,-0.006451483748827196
2024-01-31,-0.017145859869741924,0.004528938288716991,-0.01008864253867359
2024-02-01,0.009574384815581807,-0.0025774684808520915,0.00026347612626635394
2024-02-02,0.004844203382143629,-0.0002410073856051478,-0.005491529086032719
2024-02-05,-0.01080430684414478,-0.004287850209160877,-0.0018227505500895836
2024-02-06,-0.00441524807449949,0.0018200948813900798,0.00340689094945854
2024-02-07,0.0029371720435651958,0.005780503827706136,-0.003107713603914233
2024-02-08,0.0008246679835624362,-0.0003094247192834163,0.001256410113716823
2024-02-09,-0.0026217118580355503,-0.0007875427948156381,-0.0013966895387586102
2024-02-12,-0.0007348826806596086,-0.004458467852271707,0.003460571575482184
2024-02-13,-0.0022197737820688537,-0.0009171706142092324,0.0024756403367400437
2024-02-14,0.0018256251210246857,-0.006371177038886111,-0.0033596684808730503
2024-02-15,0.01501491972993157,-0.003651511946875309,-0.0007432587670022631
2024-02-16,-0.025366584409312973,0.0009071441844365417,0.005318716988602473
2024-02-19,-0.0020685026450968425,0.0052760527909655845,0.002066884351270485
2024-02-20,0.0020651242137244698,0.011236843444918012,-0.006884810288755657
2024-02-21,0.003259939896870995,-0.0023463403402836027,0.0033780903058569134
2024-02-22,-0.0034191458132128987,0.00574120062658176,-0.005323053112181191
2024-02-23,-0.017267217824785824,0.0009750099216065916,0.0071625653498050305
2024-02-26,0.0035799548371410962,-0.0006049905869855035,0.005220494199205125
2024-02-27,0.017573502141641852,0.0017303778069046088,0.001549427379592004
2024-02-28,-0.015038614049161377,0.00024766593471983674,0.000886164217180967
2024-02-29,0.008938280136981882,0.00044158290244887414,-0.0009451612801371001
2024-03-01,-0.002985252231228939,-0.001633332651306677,0.0034926197570001403
2024-03-04,-0.00031324345828847303,-0.005592438639195403,-0.0017538908473103082
2024-03-05,-0.010228985107039491,-0.006174500810088327,0.0012778493531994694
2024-03-06,-0.0030445617235587666,0.002612979533124908,0.004459671832597256
2024-03-07,0.013300445946989585,-0.0011068003603428537,-0.0027090327176279485
2024-03-08,0.00612655241987707,-0.0023843555986246667,-0.002980963699953473
2024-03-11,0.017623116054099445,3.402250689261427e-05,-0.005871827403622295
2024-03-12,0.012074118889776936,0.00317972901166251,-0.005222363730630861
2024-03-13,0.004690866789295762,0.0007214557721055928,-0.009041976557207513
2024-03-14,0.017739345261677922,-0.0026242197465638694,0.003749143945077648
2024-03-15,0.004689931587382987,0.004905171822595799,0.009144572710413853
2024-03-18,0.00857988176797059,0.006316742011926528,0.007226644717351528
2024-03-19,-0.0026657095353470836,0.0019782266212914133,-0.008030422443132583
2024-03-20,0.0009654581585920483,0.0038946540453763607,0.003724273357781
2024-03-21,-0.006674238233002769,0.0049678399872552445,0.007210531749617783
2024-03-22,0.01019583934594853,0.004520397265618055,-0.0021840499036933202
2024-03-25,-0.011483036231148656,0.0024563967084504945,0.0006072371532502474
2024-03-26,0.008123503424176613,0.0023933881882995315,-0.009939465254023352
2024-03-27,-0.0016065105750515947,0.0020786422933860107,0.0014336808398832076
2024-03-28,0.012012470934673194,-0.004389350698188174,-0.005217798647173587
2024-03-29,0.007808689887312598,0.002802892627438343,0.0010981750895575728
2024-04-01,0.018506461576468018,-0.005423255884506216,-0.007706014610944402
2024-04-02,0.007607746911386448,-0.0031783978205002198,0.0028142911223879795
2024-04-03,-0.015420402556532408,0.00521426027123235,0.005222563377133449
2024-04-04,-0.0003695317289820085,0.00336088065077679,-0.0038158993085758383
2024-04-05,-0.011420071925948159,0.00594959315874345,-0.005584612907052172
2024-04-08,-0.004882798423662747,-0.001086697534749169,-0.010680115212749907
2024-04-09,0.015412284332767217,-0.00460899536510707,-0.0012320676703758851
2024-04-10,0.0066753381089769605,-0.0009617487882813714,-0.002807969671408026
2024-04-11,-0.006689304285787463,0.00040812518896229683,-0.007655097061740274
2024-04-12,-0.00983717366440399,0.00031595486536003874,0.002365093781560858
2024-04-15,0.0006278209287626079,0.004534721915026806,-0.002149851909323246
2024-04-16,-0.011865601493811278,-0.0014450817000137822,-0.0052786797932261615
2024-04-17,-0.006411402773965812,0.001408137887211697,-0.0026728620282022355
2024-04-18,0.0034200947155124386,-0.0039545085977384245,0.005456522694648079
2024-04-19,0.011853120361066963,0.001801269112175252,0.003114684718776111
2024-04-22,0.006387614722244398,1.243420074254698e-05,-0.0005501303074924492
2024-04-23,-0.022612895085980998,-0.00299925335313807,0.0031955250923242627
2024-04-24,0.0033436672903025978,-0.0009433174486994112,-0.0057045597819336945
2024-04-25,0.0010203357323257793,-0.0007367029860608866,0.0002618505036351527
2024-04-26,0.004438902853726931,-0.0010806205173483846,0.0008366116524323528
2024-04-29,0.016462096816512076,0.0070853649690707345,-0.002249182542493635
2024-04-30,-0.020332382768047427,-0.00039378400923151854,0.002277291679787089
2024-05-01,-0.005611034251911056,-0.0009755844407093509,-0.0038021672732222564
2024-05-02,0.006209063227933546,-0.008389803830440567,0.0026491035388805893
2024-05-03,-0.015515943994539422,-0.003576829407917909,0.0028592938576564595
2024-05-06,0.01505949048053509,-0.0010522936978254113,-0.014485799403485333
2024-05-07,0.003983566127006584,-0.0027434107047065713,0.006051528517550589
2024-05-08,0.00876583985843404,0.005526830373511188,-0.01513816282676377
2024-05-09,-0.005409436615217945,-0.0006597511015848745,-0.0029802451277806266
2024-05-10,0.008437636899662105,0.0051537769972730095,0.005226740171288775
2024-05-13,0.010984715559890383,0.0002468185362014721,-0.0014864336262622034
2024-05-14,0.0026287802013716835,0.00014891134568630654,-0.00723092991234771
2024-05-15,0.002644008926986959,-0.0003551857908500038,-0.005368685308583353
2024-05-16,0.0030034323928172586,1.518500648583653e-05,0.005234528731603099
2024-05-17,-0.008333452647393817,0.0068751800121994375,-0.009507522652743192
2024-05-20,-0.0011752868024035295,-0.009278442907004874,0.0057449555048100865
2024-05-21,-0.0012252253245235883,-0.008006182977754716,-0.0001755104952114467
2024-05-22,0.004133938643534951,-0.0021726833242244553,-0.005861976652212168
2024-05-23,0.010298242469102947,5.8111527750275535e-05,-0.0028155753615134557
2024-05-24,-0.010285360819784093,0.0027604176990560494,-0.004986121705508206
2024-05-27,-0.0009500903031957764,0.0018923487921099008,0.004431126004292643
2024-05-28,0.015114555476589733,-0.0015369836515222808,0.0037621390488141913
2024-05-29,-0.007135882288125642,0.00407617477296705,-0.008495805669380234
2024-05-30,-0.007922500172903203,0.004120781612610924,-0.0019179605925966705
2024-05-31,0.0023230619183119356,0.0007362313250862621,-0.0042159283117213855
2024-06-03,0.008743851904853201,0.003850630289947365,0.006567549842296852
2024-06-04,0.0004142605556065933,0.0010905810537285153,-0.006650495590632105
2024-06-05,0.013589605904369893,-0.0022459321071315345,0.008121145523425069
2024-06-06,0.008867939825665269,0.002791267356000019,-6.647369758468783e-05
2024-06-07,0.008718200668900618,0.00044245249031471084,-0.005709672031900438
2024-06-10,0.005841165013240933,5.359387017947717e-06,-0.0032863709200463896
2024-06-11,0.02357653100346085,0.005891814288758297,-0.003908094203842253
2024-06-12,-0.0017516168886604422,-0.009803488514160347,-0.00627309201007753
2024-06-13,-0.019735222920665138,-0.005670736680638279,0.0005741342986518783
2024-06-14,0.01634254361517141,-0.004748281705497481,-0.006039577753459217
2024-06-17,-0.0042769943095682566,-0.0014530425902752225,-0.010801831043690945
2024-06-18,0.0013788044434303304,-0.0010184326790641206,-0.0017983823542408654
2024-06-19,0.013395506848605269,-0.00602930259109219,-0.008914280982089413
2024-06-20,-0.015722595410589253,-0.003940632129243306,-0.003660804340337602
2024-06-21,-0.012216472141061394,-0.003443366714094281,-0.004445514443016779
2024-06-24,-0.015712779371188534,0.009829696368303567,-0.00425608036012907
2024-06-25,-0.007641362900254238,0.007206967790988586,0.010104815507950768
2024-06-26,0.0046963660601699354,-0.0016469976707385971,0.0003820578358478538
2024-06-27,0.00554187842812771,-0.0014543331612271958,0.001326855044976661
2024-06-28,0.0030627417932855374,-0.004596815988753176,-0.008781991481711474
2024-07-01,-0.013827658838923665,-0.007632521652901067,-0.00316981566818461
2024-07-02,-0.02280103436632644,-0.00046752074563409616,0.0011765131497075598
2024-07-03,0.0008435358539038227,-0.003991407932976103,-0.005022644564565032
2024-07-04,-0.0044177603363833575,-0.0003394021266480391,0.004640314217589927
2024-07-05,0.004893857717166118,-0.00640082339617391,-0.00591348292950515
2024-07-08,0.007319536262212701,-0.0030478978332410312,-0.001331830679325878
2024-07-09,0.0016824143205868192,0.0005945083812113235,-0.0028302581998777936
2024-07-10,0.007901330853758538,0.0014648383911357496,0.0009216032969095799
2024-07-11,0.0025921137411506843,0.0016698878349680581,-0.00310245035927713
2024-07-12,0.005600647056014667,-0.00528195593662815,-0.0012544681353546866
2024-07-15,-0.006746732628698824,0.003418742920542247,-0.0010806504588899276
2024-07-16,-0.0014961141383145855,-0.0032008467864074013,-0.0035719387869565054
2024-07-17,0.0022677609665695724,0.002531431658429226,0.002525469342485563
2024-07-18,0.008505284754174188,-4.255470647277259e-05,0.0012919418741871266
2024-07-19,-0.0036374117222457217,-0.005505549996311792,-0.0003430697262658365
2024-07-22,0.005511672557321126,-0.001264790818324752,-0.0020522916673097907
2024-07-23,-0.0023583879191537904,0.0014614549682550704,0.004082720152599985
2024-07-24,-0.0008754216732813037,0.002451861521898396,-0.0010791712190709067
2024-07-25,0.00859519042024073,-0.0005639515897776744,-0.001433486439129686
2024-07-26,-0.019630603710541556,0.0061271155624042116,0.0006234501494406301
2024-07-29,-0.01266472328074761,0.004030043083946236,0.008582933414854253
2024-07-30,-0.014521853974428208,-0.0010266164655990113,-0.006601781040106019
2024-07-31,-0.023036161198483045,0.0030004872485477783,0.003949284465276774
2024-08-01,-0.006482644401551768,0.007735173940752747,-0.009365855806190525
2024-08-02,0.007794338997277404,0.007841938403132109,0.0011863657911431198
2024-08-05,-0.0025488406638257475,-0.00491199952328999,0.007975414138043653
2024-08-06,0.002277900819418521,-0.0037061324446286026,0.0025433426223365357
2024-08-07,0.011192174967107926,0.005939675146935404,0.0009531253926989641
2024-08-08,0.013576861322676916,-0.004233124203350549,-0.002702247344015378
2024-08-09,-0.00039137934726139555,-0.0052901645331667165,0.0002552360024427712
2024-08-12,0.013835858895693973,-0.0019447765227961875,-0.0011603140770167814
2024-08-13,0.0012212665843410922,0.001680906837898343,-0.0038298830396567775
2024-08-14,-0.008073982238274621,-0.0004095868264443855,-0.0013493780773743492
2024-08-15,-0.0056440035219873525,-0.0026022544816223687,0.0010919058031321977
2024-08-16,-0.014505365125650163,-0.002696849846898036,-0.003736085342653202
2024-08-19,-0.008581338537336523,-0.002849348257650835,-0.00393140910342342
2024-08-20,-0.003280166880744292,-0.0035180385146357704,-0.0067012171879608715
2024-08-21,0.008335850193786016,0.009126531509104247,0.00205362513044448
2024-08-22,0.01750769831165984,0.0011900442847422197,0.0028266163098353016
2024-08-23,-0.0135218151537704,0.0035470362176189545,0.0012583022211825874
2024-08-26,0.00422827468259919,-0.001956309872475695,0.00492585246364333
2024-08-27,-0.010105439391575344,-0.0007438267087441954,0.0005393381854036376
2024-08-28,0.00504697088463202,-0.00285421592548142,0.0020600546868287835
2024-08-29,-0.001010866506877266,-0.010606833339676807,0.0016191871281878143
2024-08-30,-0.0180090582584753,-0.005512037107391465,-0.0003577000970910394
2024-09-02,0.009582969915684844,-0.007242474719921579,-0.0025541091406482367
2024-09-03,-0.00575000712808731,-0.00899913511180643,0.011170763078959556
2024-09-04,-0.005039002383735546,-0.004781435897192411,-0.0021597548992675427
2024-09-05,-0.010397524112896898,0.0052998227175265235,-0.003229388555602182
2024-09-06,-0.006242832766875555,-0.0001777446708174177,0.002270049117250535
2024-09-09,0.004578904406949172,0.005162255049284696,0.0013592720764750257
2024-09-10,-0.0015924434093640553,0.0016439303076035013,-0.006923957738051637
2024-09-11,0.0035866200228248106,0.003130235302860637,0.005713391272818693
2024-09-12,0.003919218539288437,-0.0036035879812183007,-0.00037097287675416657
2024-09-13,0.01350661655528167,0.002095803816770683,-0.005454655476078603
2024-09-16,-0.0031278615086437933,0.0029148569362973838,0.00604392057176937
2024-09-17,-0.014468578168457319,-0.002306589168934772,0.0032283778579807695
2024-09-18,0.010972224165719831,0.0022381614824646652,-0.006222709959739571
2024-09-19,-0.003014881720972547,0.0022647510342993318,0.00898591420128862
2024-09-20,0.01144592444577377,-0.0021982104845203313,0.0033939868418309638
2024-09-23,0.004133771131824704,-0.00449107372908398,4.9019421874769344e-05
2024-09-24,-0.0010113753020334494,-0.004736513327593089,0.008051094028108897
2024-09-25,0.003787758940462951,0.00034602216768584717,0.0008964889191482029
2024-09-26,0.019810125601263,0.0013080394751572592,-4.04153755201599e-05
2024-09-27,0.021069805290537532,-0.0031701033218316577,-0.0032015005801099452
2024-09-30,0.000993811351327787,0.00010634136530439457,0.0030092521965353926
2024-10-01,0.001901905933170753,0.0022821481445539416,0.002483014836619899
2024-10-02,0.011062401574663856,0.002472762858661203,0.00017340069944855646
2024-10-03,-0.008156610327673472,0.0062075204804899545,-0.0038499317693380147
2024-10-04,0.003630703726182551,0.0051079233287921735,0.0007496492708303693
2024-10-07,4.1371520461435946e-05,-0.004005165731026177,-0.0002489939288106894
2024-10-08,0.003439082114575536,0.00673434483815209,-0.006567371593671005
2024-10-09,-0.008033688059494058,-0.002123906018222859,-0.007259061756620928
2024-10-10,-0.015595674933089691,0.00417949124981771,0.0029257668940488473
2024-10-11,-0.020429834359912916,0.0002719465042043554,-0.012909441575258446
2024-10-14,-0.010873841129896079,-0.0016485975138278704,0.0011270526348062999
2024-10-15,-0.00428675284939333,-0.007230787439099731,-0.002290415288769123
2024-10-16,-0.0026319158664876185,-0.0006862580408653928,0.006641233034399551
2024-10-17,0.019672311624295172,-0.0062375329412224356,-0.002367341045769379
2024-10-18,0.011359933699072981,0.0038691969433710892,0.0033974210712594795
2024-10-21,-0.009320911163416273,0.006067170628556992,-0.001884569206188958
2024-10-22,0.0037770845245095695,-0.003187643957186761,0.0006687407674307173
2024-10-23,-0.0037707823635032512,0.0012078829700770846,0.003784182654600256
2024-10-24,-0.0025436383804009516,-0.0029015660880319016,-0.0022127785816229008
2024-10-25,0.0021532564941538204,-0.0025139389205471587,0.0050827744224920205
2024-10-28,0.006491711169753933,0.0030979788154614856,-0.004868489385532416
2024-10-29,-0.003092584838840154,-0.00015415304737365003,0.0015729642127918955
2024-10-30,0.010938515327343586,0.006958592167724047,0.004713198613939264
2024-10-31,-0.011119382261424041,-0.001928929914811684,0.0034001874589516742
2024-11-01,0.0003633906236226844,0.003997345329897956,0.009682224383677052
2024-11-04,0.026276737265958326,0.0003896536518311279,-0.0037171965865533028
2024-11-05,0.002530797426252751,0.003183112038976933,-0.0067957462567429395
2024-11-06,0.014632145066061728,-0.0017886306293197869,-0.004871675542475597
2024-11-07,0.0012152017817320818,-0.00019823535020633084,0.003402212832742185
2024-11-08,0.006107770953297967,-0.000461995517195739,0.002589614671346893
2024-11-11,-0.00026783194392691537,-0.0033442284593831486,0.0006112832982370789
2024-11-12,-0.0014040758116420444,0.0026483261383270108,-0.0055147852455356495
2024-11-13,-0.007494823967254196,0.0026009960223134566,0.003934336466645304
2024-11-14,0.004603013589575532,0.002374218779622267,-0.006023523888252702
2024-11-15,-0.008215371891857679,0.006147862615670578,0.0058947479118845
2024-11-18,0.006955852363134291,0.0057973792049452145,0.014387192115699325
2024-11-19,0.0111528700444591,-0.0014997787593965415,0.0019322557328577525
2024-11-20,0.003965314072372299,0.001492209273736713,0.0030155406782887153
2024-11-21,-0.0025624873355569186,-0.0024944027570328506,-0.002364298844477797
2024-11-22,0.004839655793086961,9.342126445822183e-05,-0.008951066605434082
2024-11-25,-0.0027867305554641264,-0.002398997796475459,-0.002913596815151112
2024-11-26,0.009655471254651493,0.006480281236544204,-0.005364476205493747
2024-11-27,-0.018014060842151236,0.0014547926013718513,-0.007135022882075078
2024-11-28,-0.0030560736811864626,-0.0008721165124176885,0.008711799709978246
2024-11-29,-0.019608119951239976,0.004774474287425508,0.001464312590128865
2024-12-02,-0.01465060830227205,-0.008682461639181646,0.0019984379030699184
2024-12-03,0.013938622298139094,-0.008056410379461159,-0.0014451118259812476
2024-12-04,0.00925184981971686,0.0031833546208790958,-0.0007643554122171817
2024-12-05,-0.006894802332847904,0.00024187379246947224,0.004922753411196667
2024-12-06,-0.01472503456040897,0.0010017852010430425,-6.16855934760772e-05
2024-12-09,-0.02934528837841651,-0.005305584413274195,0.0027534696901236637
2024-12-10,-0.005134955079326346,-9.293484340146481e-05,-0.0008800214892250792
2024-12-11,0.024504150122474026,0.008014037641605368,-0.0016107644536602359
2024-12-12,0.0046488427146364735,0.0032967984791834517,-0.00693457082800931
2024-12-13,-0.005295722860494895,0.0006788261805712485,-0.009788745311835642
2024-12-16,0.0049508020950030625,-0.0017562156404197506,-0.001207809505332009
2024-12-17,-0.015309583529944428,-0.0015782914074775754,0.00038248345996616344
2024-12-18,-0.0026732336269763546,-0.00851679155680007,-0.0063306501835439545
2024-12-19,0.001294774730157385,0.0010305616836846423,-7.237432517316439e-05
2024-12-20,-0.0005610065182104851,0.003381932433927416,0.0003687628149525101
2024-12-23,0.008208061216900805,-0.006302477308682461,-0.010680040030296897
2024-12-24,0.003746452262360524,-0.002645667569227264,-0.004475623297397506
2024-12-25,0.006983260181079969,-0.004629858528933688,0.0021363194686773424
2024-12-26,-0.006583722822307595,-0.0038614047792350542,0.0020352936469787194
2024-12-27,0.009278154084105482,0.00021392650728760087,-0.005668374581998803
2024-12-30,0.016589369476239915,-0.008337608619953897,0.0008922402524986748
2024-12-31,-0.009401495196514127,0.002457081753428256,0.005212036126802361
2025-01-01,-0.008576956557145597,0.003015420279734729,0.003985364794954491
2025-01-02,0.013657843363202329,-0.0010044103521476499,-0.00037642893506967284
2025-01-03,-0.001613439866950603,-0.009922834039938168,-0.0022398815666214624
2025-01-06,0.01433821392066557,-0.003985674504009559,-0.0030467224216725224
2025-01-07,-0.004125357118921839,0.004931607736410787,0.0024390989145482854
2025-01-08,0.014850455762707113,-0.01111197712291429,0.00107551986571444
2025-01-09,0.0016148581680545217,-0.001390093648774077,0.003247020030511002
2025-01-10,0.002882288233226952,-0.004720003113869036,0.00075936906560576
2025-01-13,0.015947180216699046,0.003218281206339346,0.0041938197517372095
2025-01-14,-0.0033177047744417125,-0.0027004558085738455,0.0005729626647885008
2025-01-15,-0.009111220959249584,0.0016158160829424463,0.004023443580658433
2025-01-16,-0.0041856420802835435,0.002261841676676372,0.004454113851833195
2025-01-17,0.004823339506431387,0.00734490335892008,-0.003922633151124067
2025-01-20,-0.015357590721805143,-0.0008117677747014809,-0.00894072023435373
2025-01-21,0.006674709026511215,0.0015041774784904454,0.007817464280072767
2025-01-22,-0.005087713176177433,-0.005940221916509744,0.0013832936535613087
2025-01-23,0.011778126607335635,0.004761654253174976,-0.008472429477480609
2025-01-24,-0.023642603049004715,-0.0030420353922854587,-0.0034690974860935556
2025-01-27,-0.007565657751041687,-0.0022430166563509823,0.003959371461849142
2025-01-28,-0.016564681512341018,-8.899117939684295e-05,-0.001298384155664465
2025-01-29,-0.007962294663639525,-0.006251537381359399,-0.0024603070965956357
2025-01-30,0.0027766590110894314,0.0009150801157157521,0.007104409301564834
2025-01-31,-0.001492266254497549,0.003869865091700043,-0.005136435731919052
2025-02-03,-0.0022337756894801495,0.0011717352939891663,-0.003890766788774169
2025-02-04,-0.001291848713800608,-0.006355590256714901,0.0011569323752413378
2025-02-05,0.002333882406199434,-0.0004952371773186383,0.0020522746602694114
2025-02-06,-0.009785360419431078,0.002968115611917963,0.0025817151717036574
2025-02-07,0.007368496408990508,-0.007511955063863631,0.004656190222844735
2025-02-10,0.006926659703854839,-0.004299064055270856,0.0010928931034075843
2025-02-11,0.00415037937656101,0.00350617441632608,0.0025469196946920456
2025-02-12,0.005865334427512632,0.0010803817367891462,-0.001196046296575416
2025-02-13,0.003264180008086595,0.0016478863285070153,0.0004134915161835712
2025-02-14,0.020650733027310676,0.007437979230493246,0.0006376709002681722
2025-02-17,-0.000570941710525099,0.0018742111140248104,0.0011754906790951804
2025-02-18,-0.002770832183345768,0.0026315520417327177,0.003962699037913804
2025-02-19,-0.007235275803573779,0.010842982108873304,0.002875728409724155
2025-02-20,-0.010022626705778368,-0.0008552182323619628,0.00032108501450091553
2025-02-21,-0.012144717876010755,-0.0031915310544739805,-0.003945629924705199
2025-02-24,-0.008587973132309185,0.001711185592988531,0.0004383562903135477
2025-02-25,-0.00040680381652071315,0.0017559641175555797,-4.0088924478719665e-05
2025-02-26,0.003642951284977145,-0.002106861567784833,0.0010659078990659918
2025-02-27,0.0008114205855216179,-0.00412958807821939,0.01113262653570201
2025-02-28,-0.00735535277429713,0.009239377688360311,-0.0025188638927061773
2025-03-03,0.009301845640199632,0.0013073738815520917,0.0022114450956267975
2025-03-04,0.007694126723009475,-0.0029291415256083027,0.005442310336221491
2025-03-05,-0.0012964830742201701,0.0036637212091183945,0.0005900095704969145
2025-03-06,-0.006229161446647121,-0.000436580606245338,0.011789225595860826
2025-03-07,0.005784279208297995,-0.001011525785271325,-0.0017901964586573835
2025-03-10,0.0021797358748610446,0.002249091487657973,0.0017204461116002354
2025-03-11,-0.014181272594150477,-0.00516752907292676,-0.0038940287244649103
2025-03-12,-0.00037980255984404893,0.0014105088156686897,-0.0016576236757164656
2025-03-13,0.0029203581207438104,0.007651819230927009,0.0013446695519832895
2025-03-14,-0.008696947864877538,0.0018647106487892431,0.004331520311538649
2025-03-17,0.00219843392837443,-0.0015048484151338579,0.001695474170117871
2025-03-18,-0.014248224852577892,-0.002028421121712968,0.00639557424667368
2025-03-19,0.013661861000121709,-0.0016413598933804376,-0.00037482655296335873
2025-03-20,0.012779499850594319,-0.0010158507121911242,-0.0015608426491950267
2025-03-21,-0.0022251733430296477,-0.0015112261310330879,0.013619925536396932
2025-03-24,0.0039345433783907315,0.003665245764298267,0.0020711882472101537
2025-03-25,-0.02379921965799875,-0.0069328364128359325,-0.0034974077298927384
2025-03-26,-0.01126347660265333,0.003448000201648536,-0.0033713188112403443
2025-03-27,-0.002637789201521298,-0.0015187461005702445,-0.004613399572656702
2025-03-28,-0.010421330214268592,0.001507791142781489,0.00478284677928394
2025-03-31,0.007443964826306588,-0.004507951640803455,-0.0017218864644662091
2025-04-01,0.02027296530747994,0.005314524267397745,0.0007368123782824282
2025-04-02,-0.01146614719429302,0.004982539840687492,-0.0002175433721913436
2025-04-03,-0.008074634040851927,0.0038383621030002946,0.003757462039704673
2025-04-04,0.0026544836830993033,-0.006059019103174157,-0.0041337204644201
2025-04-07,0.01641116148499621,0.0033164842842642113,-0.005277861430715077
2025-04-08,-0.011923743125399032,0.0016194203505428355,0.0012214865359079714
2025-04-09,0.0027903612230694196,-0.00642108498853027,0.003104796423499485
2025-04-10,0.01851298850813109,-9.718953508326197e-05,0.0017626615654882038
2025-04-11,-0.01621759148179267,0.00145813795613305,-0.0039472686454866375
2025-04-14,-0.012510692068458321,0.0022243010952926034,0.003487424210456969
2025-04-15,-0.003936066064608383,0.0007090454677954229,-0.0036193046354781712
2025-04-16,-0.00490588412855411,0.0011649256673895187,-0.002507693223931917
2025-04-17,0.008426012877536446,0.005894445569012382,-0.004619767623610011
2025-04-18,0.0027165971982083805,0.0049041356396427194,0.0066057917432601546
2025-04-21,-0.017449620596421283,-0.011468219815130975,0.003267107705136746
2025-04-22,0.005454104029008109,-0.001269754219350728,0.0031249668783943666
2025-04-23,-0.005475388873556505,-0.0006586041101758051,0.006336057105712252
2025-04-24,0.013044472169412392,-0.007008394290907885,0.014163246241193616
2025-04-25,-0.0059758753643691966,0.0003767322329292487,-0.008446130519550779
2025-04-28,-0.006066152831022357,0.004995031089642026,-0.0035918829043855406
2025-04-29,0.005711316108045314,-0.004346271438362362,-0.0029808754208726193
2025-04-30,0.007929264823369366,0.0013456037547594892,-0.004154098111913464
2025-05-01,0.004780993639362036,-0.003663293909185751,-0.0052879162380185625
2025-05-02,-0.01655597317384808,-0.002687648094718707,-0.0013982653202768282
2025-05-05,0.005680344399282511,0.00590957453668014,-0.005983018576447024
2025-05-06,-0.01004308051674399,-0.0021702312804473,0.001775211837687066
2025-05-07,0.002652761115882635,0.0018488499560424987,0.0003584916071430732
2025-05-08,-0.013937344353990602,-0.007484872464243949,0.0025051433238182765
2025-05-09,0.0047632214754306365,0.00744927024557952,0.0026386422581912627
2025-05-12,-0.007765989043073726,0.002410609785225996,0.0031150342671333823
2025-05-13,-0.012526346502605217,-0.0007299993706010468,-0.0017670446841194117
2025-05-14,0.007438201364823995,0.002302186039999579,0.010705717013168336
2025-05-15,0.002716445216767513,-0.005639277715791241,0.0012721555824104888
2025-05-16,-0.005839768013928971,0.0047301229670106285,-0.009212423763123976
2025-05-19,0.014811788490210642,-0.0012959391019857207,-0.004911878728831087
2025-05-20,-0.004106524215697425,-0.0008162780601937388,-0.008602514945139078
2025-05-21,0.0006210767397093466,-0.001966622459861938,0.00018667314575653666
2025-05-22,0.002989134476786009,-0.0023226056109823387,-0.0005090261202666681
2025-05-23,-0.005896659341286136,0.0027786824465136344,-0.0022421284894972894
2025-05-26,0.005011362933999294,0.0010236274004168915,0.01015463056200257
2025-05-27,-0.005034523471647245,0.00260699256561216,0.002844914370384554
2025-05-28,-0.003816383222162092,-3.517875794228581e-05,0.003730491807231672
2025-05-29,0.01392642639803341,0.0020527992443087244,-0.004555367439710516
2025-05-30,-0.01010586052512433,-0.0016753949757001535,-0.004895724456655061
2025-06-02,-0.0238278033092949,0.008918927365638193,0.00028402749548477377
2025-06-03,0.016409369950118945,-0.006271721665721994,0.0009650356982611292
2025-06-04,0.02579327952607003,0.005043749294251937,-0.009181557835572287
2025-06-05,-0.0037526926544933182,0.005471629802883883,-0.0008015351142476703
2025-06-06,-0.019068380406201853,-0.0034086352238623754,0.00017036041436752403
2025-06-09,-0.0028048397619594378,0.008917094442223893,-0.0009757458288556448
2025-06-10,-0.0025622294984066923,0.0039819611317812725,-0.003966952061733382
2025-06-11,-0.0015992384102225705,0.0038845560272916463,-0.0025976759096057005
2025-06-12,-0.010833880419218483,0.00011208874810350674,-0.0007842959678639801
2025-06-13,0.006095611424764774,-0.0008689046328747058,0.0005540001180502389
2025-06-16,0.0055450737528608615,-0.0008376353081584325,0.0031239579127528396
2025-06-17,-0.014644056198193065,0.0015621223852780688,0.005504281024754356
2025-06-18,0.0072919673169488785,0.005604745100135585,-0.001371738617636249
2025-06-19,0.020826849819458912,0.0007252568714456784,-0.0021807809805767893
2025-06-20,0.0020196033243705985,-0.0036457744925491612,0.002288278367671531
2025-06-23,-0.0030732516206850606,0.003297708249539919,0.0031542245820542713
2025-06-24,-0.0011200321440752133,0.003684602985579169,-0.002071002166294428
2025-06-25,0.006452567669685613,0.0026186381137911444,0.004051967384830862
2025-06-26,-0.01700671605507218,0.0029819956260999305,0.004997926705779866
2025-06-27,0.0019439070297730223,-0.0010837125206312325,0.006558432328293366
2025-06-30,-0.0036046394946281013,-0.003715956668522318,0.008991604533599111
2025-07-01,0.018778250129560456,-0.0034727737225631193,-0.004232080693297194
2025-07-02,-0.0014417273380495789,-0.006541852993831432,0.00016949104666255595
2025-07-03,0.0169788761111952,0.0009477944461837991,0.0001563884830933007
2025-07-04,-0.010737406977820073,-0.0003337951329063745,-0.00039036784266253797
2025-07-07,0.006172591668027922,-0.001759950818118835,-0.003146314598050681
2025-07-08,0.003494002637912288,-0.011822475297380279,-0.007327810016155357
2025-07-09,-0.008390472478647824,-0.004989269878776676,0.000563397230145019
2025-07-10,0.0020739611463694045,0.004483362605612667,-0.003741778297739563
2025-07-11,0.012425188368316005,-0.002658504000252524,0.0005299674037381251
2025-07-14,-0.002937917042866007,0.0014423667106273656,-0.0038702177084942667
2025-07-15,-0.016619626491697632,-0.0055627417199010255,-0.005398291729221707
2025-07-16,0.00012437173522554087,0.005754821929436924,0.0012714918018844885
2025-07-17,-0.008724230947925127,-0.0005761106402187056,0.0008546076340324798
2025-07-18,-0.003123409386638824,0.0011601615859341409,0.0029964098566046646
2025-07-21,-0.0005158776968512099,0.00930311916752674,0.011029318832088126
2025-07-22,-0.01675652216015517,0.006065760402357615,0.001486447656054234
2025-07-23,-0.01585658339320678,-0.0012262624851482311,0.002525408835320648
2025-07-24,0.005120668355255252,-0.002372880739481437,-0.0052878066443366265
2025-07-25,-0.004927186961696804,-0.0013021800460781272,-0.0063345372026818725
2025-07-28,-0.02534744341820567,0.0020395929939061425,0.008014147233866668
2025-07-29,0.00814844036608135,-0.0004208965370034845,-0.004517398899666518
2025-07-30,0.0030236975527423984,-0.0015809765800138867,-0.00511972035734321
2025-07-31,-0.0068387482403648395,0.005868725002836169,-9.549460608276489e-05
2025-08-01,-0.012868302110582415,-0.00045683956711134753,-0.0003509620668869418
2025-08-04,0.008658078963143372,0.009198356372149278,-0.004412532532216458
2025-08-05,0.003793506225604296,0.00036297025500869206,-0.0014248660935655
2025-08-06,0.024126022826840735,0.00714127357689891,0.006246878588250522
2025-08-07,0.004501885987249374,0.0014292776908425072,-0.003929968044158988
2025-08-08,0.0041770314126201484,0.0038518422929977912,-0.006868362421830858
2025-08-11,-0.0013692793010856514,-0.0028984442060708978,0.0048129681044989615
2025-08-12,0.00846775867200791,-0.003415036890349647,0.0025614845596901832
2025-08-13,0.006550852012481537,0.0018388238200599501,-0.003002593103243308
2025-08-14,0.01281725008565195,0.003954212969861261,-0.007810835080634589
2025-08-15,-0.004913229186372848,0.00016102600800185147,-0.003623116782192816
2025-08-18,-0.004054074729439624,-0.005145573340334789,-0.00017352218424635657
2025-08-19,-0.0044910317091198014,-0.005441033465157308,0.005928360449419096
2025-08-20,0.008208017211789891,-0.005708545608744965,-0.005082909874348285
2025-08-21,0.015283744402967321,-0.007070488451757524,-0.0003225994075573672
2025-08-22,-0.004288404931493007,0.0004379414377883501,0.00347572329947449
2025-08-25,-0.003947737277930912,0.004500175686832101,-0.011806336700609604
2025-08-26,0.003440772238697992,-5.3663147699235076e-05,0.0052689308396944995
2025-08-27,-0.0021576150001290143,-0.009041659029351409,-0.005812252861032187
2025-08-28,0.0098205365313989,-0.0007630418413381949,0.001759977467284673
2025-08-29,-0.022217772906190467,-0.0006511959865304284,0.0013334157480537204
2025-09-01,-0.007967050469168947,0.008383995000901758,0.005522931957319225
2025-09-02,-0.0075241633396144585,-0.005828551651678226,0.0028546219044677016
2025-09-03,-0.02290356012386145,-0.0015627104103967829,-0.011786452458649906
2025-09-04,-0.00933638444368804,0.006823410722178257,-0.003823896235779957
2025-09-05,-0.008851561158459262,0.0017999133653861924,0.0007910256467664004
2025-09-08,-0.0017110465451883033,0.0022532522940656987,-0.0008748994305989347
2025-09-09,0.011429658916602636,0.00045833774809551285,0.002488053648783852
2025-09-10,-0.002150606511907024,0.0013197741546290582,0.004046832778348527
2025-09-11,-0.010008137202711539,0.003110438121114144,0.0031422586821483953
2025-09-12,-0.00026954541213528987,-0.0032379452755710654,-0.0009713747127723261
2025-09-15,0.010791736214413494,0.0035122343156327993,-0.009131685055602403
2025-09-16,-0.009459588161149049,-0.005492012067542157,-0.0021774062442740864
2025-09-17,-0.008805748839214486,0.0013134718913261525,0.002181840740694776
2025-09-18,0.0058854895927422345,0.0007149638531453086,-0.005352236262752387
2025-09-19,-0.0019153611573080056,-0.002465172352768432,0.0032563736506078813
2025-09-22,0.006774846907094743,-9.074110130258694e-05,0.004641966486336522
2025-09-23,0.00016353208204703237,-0.002490160610662212,0.0007343348814792129
2025-09-24,0.00731663648089567,-0.004286805307446978,-0.01521889933156198
2025-09-25,-0.010050781140406409,-0.0014144589664545776,-0.006290441813559017
2025-09-26,0.00017915349211732558,-0.004415954541486646,0.009530945792780408
2025-09-29,-0.0018069001436315682,0.0012911898563729924,-0.0026326889651418902
2025-09-30,-0.011858909241041308,-0.004600341976609454,-0.00982071611564498
2025-10-01,-0.015334779478686883,0.0028479080919642055,0.006276236941551362
2025-10-02,0.007157490352746618,-0.004725916271715281,0.00016677795771836428
2025-10-03,-0.003209523822179781,-0.0022651796623240255,0.0056247024447886275
2025-10-06,-0.009922802816473295,-0.002498413632860716,0.0014847933760968265
2025-10-07,-0.0006617893692333226,0.0053005869154993555,0.002392795681060844
2025-10-08,0.011580188573493026,0.0013211597824663674,0.001915046238572583
2025-10-09,-0.022507378453719227,-0.000846935210177577,0.003587441559605
2025-10-10,-0.014666386899033265,0.001994877764278893,0.01148715224278049
2025-10-13,-0.008928864418952676,-0.008428769389318752,0.00495503167979594
2025-10-14,0.01491178866720329,-0.00017253435856362978,-0.007801696589227675
2025-10-15,0.003125869829192965,0.007990056711219051,0.002333307576394517
2025-10-16,0.00797317240461227,0.0005293860256106903,0.005807403840516089
2025-10-17,-0.011101609191262305,0.00027165267667734203,0.00611350403268073
2025-10-20,-0.010895358752705262,0.0021925135185687844,-0.002033024915295498
2025-10-21,0.004778137167227105,0.0035824209732573825,0.005924722225940639
2025-10-22,0.0008827433093544655,-0.00798986677155944,0.004738711997756027
2025-10-23,0.005787388188641266,-0.006729305927164107,0.01296258718484865
2025-10-24,-0.0015767099092845215,0.0008411651643445863,-0.0036500086812425577
2025-10-27,0.0030814372645462697,-0.0028595062475900387,-0.0024370028820021265
2025-10-28,0.0018811908490510916,0.005248101048879657,-0.0014305952422997697
2025-10-29,0.008077673890849254,-0.0012606975595408957,-0.0023511107501938766
2025-10-30,0.008370082819444706,-0.0077381229428524715,-0.004350103748818015
2025-10-31,-0.015898719943917696,-0.0050720556673759885,-0.013713377528368716
2025-11-03,-0.022172685553408556,-0.010998704078522301,-0.0020734973686156706
2025-11-04,0.010317453976515071,-0.0009365021491316503,0.0019467902984995223
2025-11-05,0.012177250932619366,-0.0007535365090575335,-0.0023661092275295537
2025-11-06,-0.009906230195133375,-0.001697850839127591,0.009776905917645549
2025-11-07,-0.018298354065456286,0.004315516156118955,0.00016687906357931292
2025-11-10,0.001290348210072009,0.004794079346066775,0.006555145275920678
2025-11-11,0.009608382263505294,-0.0006815536934244448,0.0014071020636498418
2025-11-12,0.018275945224343147,-0.008538774669907424,0.00423203654946629
2025-11-13,0.00546297572101451,0.0024691263219690338,0.0014962077696678113
2025-11-14,-0.0034171669658569497,0.002221440914034302,0.006943923159517814
2025-11-17,-0.008631306215848627,0.0012375662806277802,0.0003796967506620036
2025-11-18,0.00041451291670654413,0.003925918997232463,0.0025806035404439286
2025-11-19,-0.0026926470388525642,-0.00465931238584416,0.0019316646682502187
2025-11-20,-0.009850679057288161,0.008035021544740556,-0.001341427290636594
2025-11-21,0.02078755650863287,-0.003837711012567472,0.0021249115946233837
2025-11-24,0.01815168402072131,0.0029968917088034185,0.01127193123098841
2025-11-25,0.011660486835554285,-0.006749390777653407,-0.00125198471047721
2025-11-26,-0.008908503978091276,-0.0037210587490802034,0.0021973244642662414
2025-11-27,0.008850193242972789,0.006065474586901345,0.006388894754347214
2025-11-28,0.006696264094979018,-0.0010435992920033996,0.005801266404721402
2025-12-01,0.004725456242040529,0.0033596904205311917,0.00015858208859682627
2025-12-02,0.012796652670437772,0.0009478215548769844,-0.01181694351478681
2025-12-03,0.006653711428612774,-0.0004198326240006907,0.002683514093242331
2025-12-04,0.007700142363043355,0.005455401299730759,-0.010997371293115264
2025-12-05,0.006669062833722101,-0.0009466352986076014,0.0074496861547061555
2025-12-08,0.003707914080021059,-0.007122952430253882,0.000947369355966303
2025-12-09,-0.017536111297141832,-0.0032129603678068205,0.005098370099359945
2025-12-10,0.0011362107741055723,0.0022047669148067767,-0.004410555690905256
2025-12-11,-0.005261919588491253,0.0015820364254500326,-0.007662537366500272
2025-12-12,-0.012498409576400206,-0.0062682330009417525,0.001403771920705836
2025-12-15,0.017118166193008242,-0.002897370077632804,-6.801719978070989e-05
2025-12-16,0.017589953408857037,-0.0023268853968089866,-0.0023577041307858287
2025-12-17,0.01389220600295612,-0.0014618783764569002,0.0005233064036638189
2025-12-18,0.002852134168558746,-0.005503654354406206,0.013937179460161299
2025-12-19,0.013806251209526568,-0.0025134844324779144,0.004272627736845289
2025-12-22,0.0004205318060182554,-0.0029144419410381097,0.005347493029316595
2025-12-23,0.0023279727689777935,0.0030861330390476774,0.004319684457766778
2025-12-24,-0.01063471370461983,0.003236485243960975,0.007497310719260965
2025-12-25,0.0042699130449884,-0.000583241832355264,-0.0008503583645037245
2025-12-26,0.0009038592842441709,-0.001568159183482926,-0.010173806538376469
2025-12-29,-0.012726521168344645,0.0005596972481564537,-0.0008429306650300489
2025-12-30,-0.00021197111816596907,-0.0032663004298223,0.004158678549982509
2025-12-31,-0.0004972956385680847,-0.004587328328669764,-0.004749001975575368
