Date,Australian_Equity,International_Equity,Bonds,Cash
2023-01-03,100.59496694098338,100.51471855369665,100.29437383112763,99.983724964436
2023-01-04,100.46919209872979,101.32384195239013,100.20364873807867,99.94327067384984
2023-01-05,101.23894264389799,102.07463536675876,100.24492575436743,100.00081196666994
2023-01-06,103.0194314856707,103.50099570948697,100.45632196348629,99.99000629267773
2023-01-09,102.77861435577323,104.62538648164343,99.87898561268685,100.07065683691829
2023-01-10,102.53837929071636,105.26802365330428,99.69511828767979,100.12345072338853
2023-01-11,104.4070438936051,105.21256193028057,100.01023147411271,100.18047073693958
2023-01-12,105.34872779533755,103.04844496063592,99.5519807681508,100.10818227957753
2023-01-13,104.82136482713187,103.6430163154789,99.67824004162877,100.19851408082236
2023-01-16,105.4995080038937,103.95122595458433,99.18297204874588,100.22892044760343
2023-01-17,104.97863557936131,104.34402796907749,99.37356896919866,100.21952560567735
2023-01-18,104.45758265551011,102.7028657354442,99.37595572536605,100.24249743757292
2023-01-19,104.7773330184915,101.34072899340913,98.78507679689395,100.14425636840511
2023-01-20,102.53749765373148,102.72155942245745,99.23563860652759,100.18394513581809
2023-01-23,100.56454603069498,102.70705460011578,98.97586302272009,100.13289598475174
2023-01-24,99.95529775495741,103.62558891035928,98.68846322684196,100.06147987183314
2023-01-25,98.83910043318018,103.69956937999822,98.77894184300538,99.97941872604137
2023-01-26,99.22266435579907,103.7754810918413,99.22346399850503,100.06338310964584
2023-01-27,98.23256455818169,105.03930120628912,98.8582506639362,100.03761580893334
2023-01-30,96.69065137096125,104.39389671545531,98.89698906805174,100.14816202931114
2023-01-31,98.32823859235165,104.55760208990041,99.07297667392102,100.12826916853463
2023-02-01,98.10772745877387,103.98598794411002,99.34824332234602,100.03448447290036
2023-02-02,98.21399364692034,103.45389215710374,99.4302668765745,99.9780194682512
2023-02-03,96.65851325793352,103.08786610355183,99.30811632847663,100.06973700732082
2023-02-06,96.09255257313345,103.41318721647703,99.0132440299896,100.07380807115818
2023-02-07,96.24391797153112,102.82636672511929,99.06119846418294,100.05314286552745
2023-02-08,95.01838833190547,104.48991049617906,98.6754963170321,100.0771246930118
2023-02-09,95.45333266921827,103.34952331500364,97.6016171268102,100.12265801351113
2023-02-10,94.8335406010381,103.14311172890093,97.77815611331843,100.20703978570775
2023-02-13,94.54998490867914,102.60852637178384,98.12774066498893,100.31239322213636
2023-02-14,93.93491349072019,104.51574703021265,97.26693321669602,100.30359140594189
2023-02-15,95.93763597631269,104.81189242811557,96.9111606186108,100.23373570835594
2023-02-16,95.95340967540142,106.21188186634076,97.15333320664911,100.22155032511412
2023-02-17,94.83307164460567,104.26192108264598,97.92427716715835,100.25190244131335
2023-02-20,95.74766482670474,104.64994849941576,97.94751684905324,100.2049622781193
2023-02-21,94.45261968603589,105.8602709226579,97.6935524231232,100.15846121212346
2023-02-22,94.70629589209474,106.00782147489245,97.64152538854322,100.19406302773916
2023-02-23,92.63193345162452,107.4687082455475,98.16442256651958,100.20490811209282
2023-02-24,91.26628365499977,106.80669251014179,97.94033430038064,100.22089571039167
2023-02-27,91.49898136628157,108.741309004964,97.66003575317897,100.18692901878072
2023-02-28,92.29418842413567,111.92966255554788,97.49734694164277,100.18630285862417
2023-03-01,92.50282811089234,111.45796931940943,97.16151603421424,100.14188793956936
2023-03-02,92.41089251514092,110.8721839797238,97.22198745471923,100.21195333083021
2023-03-03,92.12472050028573,112.94195324145085,97.83443129146397,100.29122446035777
2023-03-06,90.60950807474872,115.22991792534447,97.96942862366355,100.18851620249576
2023-03-07,89.89869408128548,114.51200392946303,97.8915354405254,100.143767210611
2023-03-08,89.45767874168534,113.94669098071941,97.79910500307834,100.06326805237664
2023-03-09,90.55837493731619,113.58285811211726,97.23680164121772,100.03619216274014
2023-03-10,90.93996307007296,111.69950196012091,97.5767970583374,100.04482807797595
2023-03-13,89.15085243468376,110.44659279935232,97.5635786425917,99.96736319115271
2023-03-14,89.5067628854155,109.08877987478711,97.51251193420445,99.92319479016167
2023-03-15,89.14435337528431,108.07248728786418,98.70485030354972,99.87387821601948
2023-03-16,88.48841908779617,108.06385816998396,98.8319732687289,99.90078973524686
2023-03-17,89.13024483788168,108.4213302921726,98.56682952702633,99.91902879378155
2023-03-20,90.20051155309558,110.57800542582561,98.42363655725947,99.8874780580512
2023-03-21,91.18163914128792,109.2266387236832,98.8664884867337,99.9124774534063
2023-03-22,90.3429165094841,110.62020017589072,98.92450849005637,99.8919467187118
2023-03-23,90.05484199731343,110.36147466412427,98.40243938007697,99.88872642755908
2023-03-24,90.42169251449049,110.33211395306073,98.75994419593509,100.00790013278842
2023-03-27,91.45061020497687,111.30955379823178,98.52621722191024,100.10623789904929
2023-03-28,90.98276124444263,109.77483714406313,99.23946133910452,100.03818864767409
2023-03-29,90.82011003374802,110.34292772204499,99.66032876315258,100.10437103041549
2023-03-30,89.7096344619768,110.61373614206597,99.50765036661986,100.16944094115192
2023-03-31,88.52131840747992,111.3395221551044,100.0052400539101,100.11089701231862
2023-04-03,89.36498297286187,111.78491646551353,100.04676221773012,100.17643664562934
2023-04-04,90.76763579466092,115.28278018390611,100.38511153200744,100.28740157700791
2023-04-05,90.72233750600188,114.39768214665307,100.5849630302416,100.2304134745422
2023-04-06,91.78346713567126,113.67322565465132,100.27916489600092,100.18640394762389
2023-04-07,92.1889690089227,112.82139375936764,100.0511642127085,100.26454486993957
2023-04-10,91.54387576488284,112.0721230747212,100.45653312396847,100.29561834222798
2023-04-11,91.94806955901004,111.21217348658952,100.34536775755205,100.34439072622132
2023-04-12,93.58080574895328,112.91787274563141,100.20820390545882,100.37985644049205
2023-04-13,93.57249869477975,114.97905461162772,99.86235594610729,100.41850310534377
2023-04-14,95.26231057770588,114.19333552074866,100.03809213575228,100.34854052910714
2023-04-17,92.46277446817159,113.03660822924802,100.8338292936555,100.42868258954532
2023-04-18,93.35383440935684,113.74833425805355,100.44298073425266,100.51662410338851
2023-04-19,93.47561274022287,112.99757096212761,100.46811870957943,100.51605983349026
2023-04-20,93.18836551450191,113.93899149209865,101.02033390149174,100.52726747315475
2023-04-21,93.3149087659506,114.27097924735638,101.00596012165724,100.44427033371231
2023-04-24,91.24150255473101,112.1296053168275,101.19469327663342,100.49075985285123
2023-04-25,91.04319966339988,114.35581257284824,100.80441166123448,100.5409299857693
2023-04-26,91.44076130499272,116.98406076708147,100.98359944852251,100.55095514616599
2023-04-27,93.0021309244479,116.12267566381287,100.92819896970495,100.63613838912306
2023-04-28,92.48511612130305,115.5969374877806,101.3202484365198,100.62893686853285
2023-05-01,91.66662326545365,116.05455203777724,101.79104589844326,100.67870363287909
2023-05-02,91.17419660217043,116.58502606081372,102.80349636018833,100.62801801997085
2023-05-03,92.14950017501086,117.59395530398746,103.04503704309982,100.6405011699713
2023-05-04,92.5222584966405,120.6141607806191,103.18828247264406,100.643425383414
2023-05-05,91.99585719921281,120.38834903994984,103.28047436782086,100.67168802372555
2023-05-08,92.56046944197439,119.22052703027617,103.15900486353226,100.66223583853603
2023-05-09,92.69174020485087,117.1913166460903,103.30735564495181,100.66787986322896
2023-05-10,93.73923678046252,116.15397309021849,103.20840969606908,100.73424513235327
2023-05-11,93.02278090278175,116.14697855686484,103.2905071145365,100.72052042195907
2023-05-12,92.70670073047657,118.81446195654863,103.82129438318073,100.63257533701764
2023-05-15,92.32394922906651,118.08207220217706,103.4427989931382,100.75746269293538
2023-05-16,90.82117020826016,118.45717242485321,103.90488481952443,100.85913938211053
2023-05-17,91.15495150947888,118.4749686977999,104.43863976383531,100.79104331628427
2023-05-18,91.45371631767817,120.29112963669508,104.40861084267337,100.84883326876405
2023-05-19,91.4880518349866,124.16372199190542,103.58784143778352,100.83088667081164
2023-05-22,91.27374036455214,123.37761973816612,103.36630630353574,100.86162700672803
2023-05-23,89.83788254335408,122.66089267959168,103.88943374876136,100.89432964121889
2023-05-24,89.43790548587052,124.31832755397272,103.89694464394003,100.89344437967662
2023-05-25,89.11874121936724,125.4307488478326,103.52101669202851,100.8576436452515
2023-05-26,88.33632244296878,128.39385815825594,103.33994397068797,100.82777857886087
2023-05-29,88.20281554054051,129.38428150911813,103.68468346217522,100.78359002160518
2023-05-30,88.63491816958914,128.84481219459738,103.91540145943297,100.74477726849751
2023-05-31,90.55872117501248,129.84963349071882,103.83805220797441,100.75450624643294
2023-06-01,90.76673334843343,131.70979376722246,103.71056651426535,100.72307109006103
2023-06-02,91.06061853559582,133.11833079432947,103.57346358618511,100.78033631632795
2023-06-05,91.01265900019061,134.01663923774618,103.22880707726041,100.88875236597603
2023-06-06,89.06140581939533,135.86553021346245,103.87546085419481,100.86590002367815
2023-06-07,89.06290394166318,137.9155892452923,103.76540202951648,100.89512082939325
2023-06-08,89.15200306786623,140.36644709603777,104.25923786351146,100.9408930028532
2023-06-09,91.67036889739,141.5637896238476,104.8752811321065,100.98492567858368
2023-06-12,91.49952209724064,141.31628699014098,105.28764976049025,101.00378322089618
2023-06-13,91.8414270610184,141.6279687609537,105.13259882100658,101.06506573484542
2023-06-14,91.83443479158836,143.83137804121208,105.30971428748619,101.10980493256747
2023-06-15,90.64663874930682,142.40237314911067,105.31679945793306,101.04501729292575
2023-06-16,91.85005020050365,143.11466838900455,104.97378876977193,101.11437517332836
2023-06-19,92.66233342066657,142.45656125756975,105.11914524116199,101.18493577512689
2023-06-20,93.52288105251102,142.55902934830223,104.66738295570481,101.15033698660525
2023-06-21,92.58821111733526,144.9061386483179,105.15384935093257,101.16680299494905
2023-06-22,94.09033009784496,145.30677004096898,104.98588099156245,101.22440187854136
2023-06-23,92.62458748922967,145.44367639010594,105.0823674457535,101.22511384810258
2023-06-26,93.27034705876702,143.003795576813,105.21156176834086,101.3075922253537
2023-06-27,95.61655261295685,144.39937734734062,105.1253052624479,101.4725198297497
2023-06-28,94.57297769626527,145.62525284855846,105.3751065666903,101.43637168829713
2023-06-29,93.99572765945618,149.64619770731778,105.20268792431375,101.36221283128405
2023-06-30,94.13177713095503,149.11936850441373,105.5658396494326,101.39569039977816
2023-07-03,93.62427346834102,149.58434915823096,105.04554839616725,101.45586169930993
2023-07-04,92.00781197486795,150.10775705340134,105.11239939057795,101.45519784756777
2023-07-05,92.10855053478602,153.14461502288717,105.89939620436526,101.56216785136918
2023-07-06,91.02830775594467,153.01544244092435,105.51581092086974,101.49063218258172
2023-07-07,91.54603068478045,153.607992240792,105.26226644622108,101.54902853160827
2023-07-10,90.62069891749496,154.83930146257234,105.48343502101791,101.52437572232336
2023-07-11,92.24209031075172,155.25863676643937,105.5717758677537,101.64843801834147
2023-07-12,91.45214775430532,154.4408286644653,105.72844304931186,101.79014159068736
2023-07-13,91.14721208875865,154.87364088906006,105.94071232286917,101.75511973906465
2023-07-14,92.01692771284083,157.0238494443863,106.21168237182586,101.7340259468487
2023-07-17,90.76188774882169,155.04915923781846,106.6740219652161,101.80324357658552
2023-07-18,91.02478986241361,155.36428165828352,106.85618909499226,101.79255622139378
2023-07-19,92.40282016246296,154.04934824488404,106.77571163159554,101.80378216004051
2023-07-20,90.74791464093083,156.42375940079364,107.06409358816484,101.81954974264637
2023-07-21,90.9667089057016,153.47779815147092,107.8499021625228,101.71056295875908
2023-07-24,91.26364736900179,152.45185884662925,107.8129551283458,101.72380281885829
2023-07-25,92.10167566576686,153.23082164710942,107.43295280066896,101.69373338798218
2023-07-26,90.83912357123357,156.30783317867883,107.89954504879864,101.67626756141368
2023-07-27,89.50786619397789,156.2341758369349,107.86757788006676,101.7828539356934
2023-07-28,90.06601230898572,155.1971381085775,106.99889990556719,101.71642677546888
2023-07-31,90.39790105949209,158.9307923590657,107.35859629213674,101.78266044446893
2023-08-01,90.68335794804008,156.08813753221065,107.15841328504212,101.77891064511235
2023-08-02,91.0683825974982,151.8198748986018,107.1387547007177,101.7751098692275
2023-08-03,90.39508715717162,152.71573420063237,107.29019510181661,101.83991785568918
2023-08-04,90.66184032085484,151.80430442983723,107.38447649696631,101.87587763959863
2023-08-07,90.99190289244541,149.90535686951296,107.68947052934026,101.92664659590174
2023-08-08,90.28375627894971,151.29671771538648,107.52930897587885,102.00296803527618
2023-08-09,92.2224514023701,151.81547529742002,107.75491490554765,101.99584661899009
2023-08-10,92.74721749741553,150.79078461842306,107.66631191028715,101.97067567574317
2023-08-11,91.52382126101635,148.41233497504848,107.98405363990405,101.9151330961515
2023-08-14,92.23423634426436,150.09667725047098,108.25235088725678,101.87629620760659
2023-08-15,91.24415798796926,151.37983989181993,107.8867939780131,102.07970687832233
2023-08-16,92.08745117193912,151.24475524712253,108.34675386839554,102.17392270402019
2023-08-17,93.32646014053392,154.8175469040392,108.14446817632532,102.10115362271279
2023-08-18,92.4876230199135,152.78561955334794,108.49192570657631,102.03027690922566
2023-08-21,93.52728738219807,149.90367517943798,108.6597568264051,102.07541877433954
2023-08-22,93.99473265709591,148.65046854614417,109.43193776165366,102.1247858466628
2023-08-23,94.90072404548971,148.61818360211353,109.3568792858925,102.17428095141501
2023-08-24,96.97193909715544,149.12689350109477,109.22985435609213,102.17206191355356
2023-08-25,96.73290526674805,148.72691343119587,109.23917504307884,102.17817794681365
2023-08-28,95.9368800858442,149.4397055966709,109.13133612749036,102.21347372009053
2023-08-29,94.99970289932826,147.13672439984583,109.47861674122994,102.23320055224204
2023-08-30,94.15107446584251,149.86564967498796,108.82718068534464,102.10447474872122
2023-08-31,94.09865200515084,149.76406104066157,108.41104567464532,102.10387526562268
2023-09-01,94.49252638900482,151.92571763684816,107.9907159374327,102.06329441208135
2023-09-04,94.81898286214168,152.63598196706246,108.39574108303876,102.0887348831955
2023-09-05,95.73842705895844,153.5688461557586,109.1137805929221,102.2948954571017
2023-09-06,95.78293469658561,154.7260697015372,109.0880241999396,102.33278349970388
2023-09-07,97.39199102517398,155.65407651961112,109.03573220344933,102.32678513580696
2023-09-08,97.13064291907705,156.97008325002133,109.08190910294306,102.40041634422529
2023-09-11,100.15735802952348,159.6547254286628,109.5782554996443,102.44577498517988
2023-09-12,100.89971046527411,160.10703953822497,109.21156992305974,102.48711426730672
2023-09-13,99.95107229335048,161.59439400117185,109.32729926439144,102.54052735673838
2023-09-14,98.76911895480985,161.46941356430574,109.74762235996683,102.68761041900349
2023-09-15,99.34081271797398,164.4567453527754,109.97289999810562,102.62871867768489
2023-09-18,99.12063677062764,163.11402195065665,110.06915722283156,102.6735929877109
2023-09-19,99.95458477211459,166.87328790986732,110.50308602551813,102.62793646704078
2023-09-20,100.52267371588843,166.84845720390757,109.39158769239046,102.67810397482582
2023-09-21,100.47157382589225,163.90042365006553,109.689226673037,102.63294314481293
2023-09-22,99.53876781098504,164.22348888629165,109.43546683907657,102.62021383841112
2023-09-25,97.86061459229158,162.87302962327627,108.69563801524518,102.61539065918373
2023-09-26,97.39621280456247,164.65620525629748,108.92290911281852,102.69272117042323
2023-09-27,98.37291272913711,163.36116009246865,109.50571981175948,102.76639917285964
2023-09-28,98.64295180404551,162.501187736416,109.46621273290747,102.70002859383287
2023-09-29,97.2809008046069,158.6907245722455,109.87783387152147,102.7178464455421
2023-10-02,97.50281288231159,157.8430969306181,110.56485262914944,102.68619862466144
2023-10-03,97.9597645660577,153.07925553833627,111.1318999155477,102.61905266498515
2023-10-04,97.00911001592478,150.07918425351428,111.8383891243823,102.61927647683724
2023-10-05,97.20900108765498,151.57059119688358,112.16984549984426,102.61358757179548
2023-10-06,97.30402144219981,153.12529535583903,112.2196312461193,102.78470358777372
2023-10-09,96.07384516619958,154.00077457713948,111.55796954565564,102.82701264384228
2023-10-10,96.49410940803665,152.17962125842618,111.47192503682453,102.75205909701302
2023-10-11,97.13831944014564,152.14249495056407,111.13433873358926,102.72977368661694
2023-10-12,98.36207839085169,152.18992615398483,112.06387994118279,102.81013917698587
2023-10-13,99.56863214684698,150.02321636918538,112.00716937313611,102.95967489751534
2023-10-16,98.0448495341311,152.91839156570543,112.07710671212719,102.87111035565133
2023-10-17,97.03337218795566,154.66332325627593,112.32851235681633,102.76357381820638
2023-10-18,97.63084657209055,154.28799495525791,112.36485421557103,102.89896340512534
2023-10-19,98.2306168214604,154.395359741817,113.10257677684443,102.93850981780943
2023-10-20,98.8354769660215,154.85584690731778,112.85435471150001,102.89650224670415
2023-10-23,103.1845669899431,150.92772725546314,112.95527778799203,102.94544739191782
2023-10-24,103.88526761382639,150.5116195948833,112.65622362086938,102.78881835207756
2023-10-25,105.25588458024451,149.27214872550275,112.11203931330222,102.80331314383506
2023-10-26,106.42789028065722,147.44176123092103,111.8706015900821,102.83882108096655
2023-10-27,107.24776209367128,146.97224946387217,111.87269851769135,102.91298065889481
2023-10-30,106.89841785583434,150.35347307851282,111.70893034179139,102.86154418240241
2023-10-31,107.852311174188,151.62110381172627,111.43430788353392,102.8813827517522
2023-11-01,106.94143866360845,150.5841616236253,110.8596801339699,102.83569582211823
2023-11-02,106.68822162584719,151.72423549047087,110.84245482550423,102.86652241931552
2023-11-03,106.13493170648715,154.4533545714768,110.22965363800353,102.8227911573784
2023-11-06,106.26715734224761,156.30778831357347,110.56381171091365,102.81063848280365
2023-11-07,109.08995537855995,156.4810421954207,110.6158124296164,102.7604241378359
2023-11-08,106.81484761577418,155.2615080665401,110.02398501505894,102.81684640997342
2023-11-09,107.67993246305474,156.68276100419303,109.91286405792391,102.88672714038378
2023-11-10,105.74502973078172,157.51546606753638,109.61784102225187,102.88581060711354
2023-11-13,105.21273631644941,159.34823999989135,109.76747994405312,102.90257858276155
2023-11-14,106.54525556644339,160.68032043479027,110.34103221887183,102.82296924499444
2023-11-15,106.65673676790219,162.8624016308335,109.57650617572111,102.81783944253209
2023-11-16,105.38719983902519,161.8223318844002,109.64153850325857,102.82886798759645
2023-11-17,104.56588352261662,164.56598873945282,109.59258192066814,103.01291452535197
2023-11-20,105.40485476274716,165.03445279420498,109.88806074299072,102.95506406967243
2023-11-21,104.56539797159068,169.40835631851425,109.9940519171839,103.06432346899588
2023-11-22,104.85523966332096,167.99789495630228,109.69888873459905,103.14335843722876
2023-11-23,104.94270952792888,171.7321909714528,109.5840142119437,103.17591803194395
2023-11-24,104.20066034851165,172.2217280685068,109.27170363143199,103.30454906501001
2023-11-27,106.76686224190736,170.86979567376636,109.73344813799994,103.34311196141275
2023-11-28,107.56819306772776,169.8891319476363,109.75970522543082,103.3827994511641
2023-11-29,105.1322577453883,169.2641346587573,110.5658414737731,103.39369868854129
2023-11-30,105.38790297022373,170.22913174368475,110.55804147750827,103.48775230042766
2023-12-01,104.6305335585707,171.41124553603746,110.2795683531051,103.57360569652332
2023-12-04,105.67507543045971,170.23351352765744,109.66613026238204,103.54716845548693
2023-12-05,104.7589908635345,170.24207692643205,108.93613797157346,103.47549737898723
2023-12-06,104.65595739555937,174.8977231683816,108.30117744760113,103.47663800037859
2023-12-07,105.28844335498158,178.7668352585717,108.42771372722876,103.43885991793465
2023-12-08,106.35545765440895,179.81339072632161,108.65340926746798,103.44908714229875
2023-12-11,104.94171479529304,179.9637042337283,108.02130622175706,103.5440949538955
2023-12-12,104.57699750713563,180.30012755976043,108.40388063770854,103.52864782374076
2023-12-13,104.04701034957297,181.75816831188715,108.22316388886347,103.54023399365653
2023-12-14,103.30925494518732,179.4809507129264,108.30038713273721,103.55839906913566
2023-12-15,105.41013436679346,178.96305901823487,108.97751920552182,103.62813012830053
2023-12-18,105.92764766526028,175.26478015895714,109.36422202587069,103.49584691866802
2023-12-19,104.4468194179901,176.20891074831164,109.27058216002725,103.47066675448315
2023-12-20,105.56701537178161,177.7086327640673,108.91986076082287,103.49880923460017
2023-12-21,108.1407866881479,176.69028510836978,108.05129375402302,103.59142696280568
2023-12-22,109.44112730367101,180.25722237827085,107.7747457714732,103.57371484606364
2023-12-25,107.59041483164044,177.53785238505284,107.70584891843036,103.46566382573654
2023-12-26,107.03382401269866,174.32579380152092,107.3210743249561,103.5204251396066
2023-12-27,108.60538907024417,174.88101621938156,107.28486692631232,103.49336989065495
2023-12-28,107.76839370806015,177.2505388233009,107.33305960750992,103.43018401479421
2023-12-29,108.34494379505256,181.07430046293305,107.25887683906869,103.40387016190607
2024-01-01,109.33098948936366,180.09210720557527,107.01239071975732,103.40621213957712
2024-01-02,108.21658491270499,182.60389575804464,107.09759236945062,103.38118117255277
2024-01-03,108.17789815696803,182.58051912585037,107.29348551874307,103.25190433581844
2024-01-04,104.23643029909906,182.2486321655336,106.86832532209867,103.3245923833602
2024-01-05,103.05876672046918,184.34270751478388,107.45519842586968,103.42192256618787
2024-01-08,102.79633856432027,185.9235639571895,107.43221397857474,103.47873317619192
2024-01-09,101.37455510025362,182.29739786999048,107.45692070593344,103.41894464191854
2024-01-10,103.28316067934213,185.75372056557111,107.76161792851471,103.42018165175384
2024-01-11,101.64108043809968,189.04985710080132,107.87371202472875,103.43412071137503
2024-01-12,101.16619550704542,187.62740696178116,108.27945180986165,103.48750242999243
2024-01-15,101.34828647656602,188.6300500467143,108.41414684567015,103.54544547826026
2024-01-16,103.0367452090117,189.87148819272716,108.18039883995016,103.51193846899949
2024-01-17,101.39189894955808,190.56287172517733,108.34538314921448,103.53166176152399
2024-01-18,102.76134838488412,189.3097206779118,107.89421687653511,103.57586444584757
2024-01-19,102.80589464050254,187.77545697601653,107.955613787022,103.68523752912881
2024-01-22,101.69437769570735,187.78206513696742,107.95919063716003,103.7456534959254
2024-01-23,102.25951584748381,190.62360958266186,107.89140547704265,103.81163032438614
2024-01-24,102.52279167388083,191.9972168272652,107.85611463322147,103.8315304638185
2024-01-25,101.85758695967544,191.16929433273333,107.10608421847671,103.93820642113512
2024-01-26,101.9705410716172,193.09621061081293,106.90094875010394,103.97947146765742
2024-01-29,101.5573987365781,186.23528582083748,106.95543091485,103.93751101901375
2024-01-30,101.72036038159358,188.9971979949934,107.037030478264,104.0438317001491
2024-01-31,102.51635439212869,184.92219339958584,106.63826222600099,104.10402382711939
2024-02-01,104.39252676073156,184.14382190071635,107.16533848640925,104.0894281711576
2024-02-02,102.96046505072445,181.61196001674645,106.83150741452947,104.07244459770683
2024-02-05,105.4833861887827,178.71446641024525,107.2399172119822,104.10634244176723
2024-02-06,103.18204093578207,181.3919997312593,107.4300935939782,104.15117769997457
2024-02-07,103.03721246804251,180.387933627485,107.1847469499028,104.1785873043721
2024-02-08,103.75727261350266,181.23984837103166,107.92097481921662,104.21348660189781
2024-02-09,104.12079748756649,181.19743808850143,107.45121715524782,104.33956005301266
2024-02-12,103.41868090520809,182.35117515036248,107.84156662323726,104.42448177333759
2024-02-13,103.20745609036646,182.59279186326972,108.26652449566751,104.45152541923622
2024-02-14,102.66327982993555,179.7065403340222,108.00928583398446,104.52796918919067
2024-02-15,102.00979644629928,182.0263585798316,108.59488564302582,104.47449894839392
2024-02-16,103.02490027467088,180.959027846575,108.50949131273111,104.51519796822211
2024-02-19,103.47466942821785,177.4748525486323,108.64511618801087,104.64883577815233
2024-02-20,102.6945329211873,176.58098249634818,108.7692599890237,104.64899619285093
2024-02-21,103.77467033198349,179.98280434737248,108.73130939699797,104.6076524829137
2024-02-22,104.16921222259316,181.97502140037736,109.08178274121131,104.57921086522666
2024-02-23,105.16240840856406,181.24066827105935,109.42624508021768,104.52195213616562
2024-02-26,105.94658138602378,180.50789582615954,108.72043491161358,104.48479827743118
2024-02-27,104.9843258455467,179.84090508999583,109.27367764068194,104.47492349491559
2024-02-28,104.35080888823862,184.61059307859605,108.6043874102244,104.39692929669944
2024-02-29,105.26815406580177,185.56485949625235,109.04547196366974,104.4124559925141
2024-03-01,106.03012797633058,186.63652594259673,109.52715583262574,104.4863037989357
2024-03-04,106.03865900340001,189.1257895402155,109.09290964502243,104.4410671062374
2024-03-05,106.21339245310506,189.76231195543585,108.9408339217243,104.555529064116
2024-03-06,107.78586244937138,189.21077132267226,108.5028437629953,104.60369336945574
2024-03-07,107.09707535593802,188.81028161361527,108.43192684891075,104.68613087444518
2024-03-08,107.79545126304801,188.70738978694027,108.32289529348682,104.65728901537818
2024-03-11,107.58253488831255,188.68628980169512,108.65929962534177,104.7281617995357
2024-03-12,107.35114502529912,190.4834160332133,109.21468248271628,104.6706697237618
2024-03-13,108.72270820549583,190.6761089620653,109.8081462339409,104.74390696461487
2024-03-14,109.77479632333558,192.50422382448974,109.5922562523266,104.76979311171995
2024-03-15,110.82224465632791,192.3772113731409,109.52298800715559,104.82085836971893
2024-03-18,112.49789900467249,192.63650760015724,108.8434999274367,104.75779121227116
2024-03-19,112.56040525555551,187.85568953838694,108.52924997948013,104.71327416752322
2024-03-20,113.46652554293775,190.09150783172075,108.94226092162964,104.76721273982234
2024-03-21,113.10336072149609,190.98921256906533,109.62479064263404,104.71917548503214
2024-03-22,113.55500067934273,193.45887275568506,109.13074788191108,104.76427608882834
2024-03-25,113.42347864179257,186.46876935492438,108.90369325731413,104.68860202580603
2024-03-26,113.58423273781659,191.44155411442924,108.91011049223134,104.75907718050814
2024-03-27,114.3868083245908,191.17324472716436,109.04272377806859,104.69229035444214
2024-03-28,113.36186933120047,193.91064180123567,108.72635992072559,104.74325510024165
2024-03-29,116.08741763892895,191.43935919673106,108.91788469277188,104.79908318528821
2024-04-01,114.80004247352524,192.9856854260429,108.7401073712203,104.76763967711591
2024-04-02,113.25596531852653,190.49334366407095,108.75142783722399,104.82060298388835
2024-04-03,114.77916782070714,189.0643373952437,108.99323560799552,104.85235860501186
2024-04-04,115.84593361374051,193.69105770635022,109.01318181229476,104.83133050907722
2024-04-05,116.70253480511082,193.29491502573242,108.85068093425781,104.77928795489308
2024-04-08,117.5710617585058,193.8934603784063,108.822863494099,104.66429802103691
2024-04-09,117.5920593582956,196.08813384483307,108.80379224000274,104.70188796454791
2024-04-10,116.4330193455732,197.38273665546518,108.66889946570728,104.61322177773296
2024-04-11,116.5700613835752,197.82729052878247,108.57985323371891,104.63403458752138
2024-04-12,115.71200877283079,198.80756813476958,109.25316217104759,104.6312023651881
2024-04-15,117.02814942139,204.89850180800934,109.5021289755838,104.69049776993408
2024-04-16,116.8701598218171,204.82293816005975,109.39721712459094,104.68511857417042
2024-04-17,115.81332656599625,205.4150306210802,109.70276029207626,104.67793259931646
2024-04-18,115.42804891433487,208.20747213269573,109.58175936336154,104.74073141354016
2024-04-19,116.00515024840988,211.18181173334926,110.08503819575918,104.77738601987103
2024-04-22,115.3004682294038,214.41549499880233,110.25631359759738,104.81280584985515
2024-04-23,114.26211341656214,216.21752585101984,110.2290986100497,104.85834698091372
2024-04-24,114.6141108338705,213.18110411683264,110.43312617665157,104.77147911499094
2024-04-25,114.96885527733744,217.64435874888056,109.79497470628365,104.83597863213761
2024-04-26,114.34448989264992,214.5787396775435,109.34480975796627,104.89098690502168
2024-04-29,113.77006753754146,215.47353116122397,108.86873533711712,104.83837764709354
2024-04-30,114.10553670365675,213.50284480400413,108.94483504837449,104.8368189774934
2024-05-01,112.26817823133786,213.40657117138164,109.67553038261741,104.84878375466977
2024-05-02,110.51211544849922,214.36672145786684,110.61789017762884,104.85446277145316
2024-05-03,109.64692367483273,215.31119190938392,110.90221539399326,104.89107804416192
2024-05-06,109.41635780697003,216.5326188649837,111.12975838661596,105.00022405058873
2024-05-07,109.836825256378,221.01224434959423,110.39089793950811,105.0863597111694
2024-05-08,111.70915072051584,222.35404017719844,110.1819959695531,105.01408851092302
2024-05-09,112.83097940423863,221.749472525394,109.87141357679207,105.06982538413081
2024-05-10,112.66217611848828,224.5221169384111,109.63103105364789,105.17237754651778
2024-05-13,112.67364927257731,227.96697379042908,109.57875966443247,105.21261180257295
2024-05-14,111.42858807699483,224.52256109258767,109.40062793902703,105.2995323556942
2024-05-15,111.44057122845577,226.29262428098062,108.59956153974863,105.44763616056996
2024-05-16,111.11119513669334,228.37249994399303,108.92379261324652,105.53028235743139
2024-05-17,111.55305600807664,227.5979049795058,108.49944105354317,105.56151283534699
2024-05-20,110.54211124464166,231.62397980880374,108.61477577578673,105.64566993011223
2024-05-21,111.22816833671713,231.26881226800893,109.48347955374975,105.66998529996661
2024-05-22,113.19658279548948,231.71730203725707,109.12040858116119,105.68625281282151
2024-05-23,113.09292145720104,231.2947986328352,108.09414666168067,105.67753567627842
2024-05-24,113.64396028176556,231.42280189453487,107.99445530092729,105.79629046171088
2024-05-27,114.56935823425525,228.3090948803133,108.46098772366261,105.75643988625973
2024-05-28,114.08450618558692,224.24843659982048,109.28101654354579,105.87321507073099
2024-05-29,114.41060878584355,228.83342425807038,108.79050536921304,105.92125755010682
2024-05-30,114.4632656645891,226.4733353749238,109.01201118893408,105.84260136207617
2024-05-31,114.62637618110911,223.72548305385513,108.83759436307194,105.88181458253823
2024-06-03,113.6580530468851,217.73567567149894,108.81128646842184,105.75645014720321
2024-06-04,113.72572272967776,216.06063109390115,109.9160919153132,105.81281007577816
2024-06-05,114.40400911614645,212.53620218033288,109.30913924324076,105.88651211650671
2024-06-06,116.32277967875027,217.00893927643588,109.43132236835622,105.86170711159852
2024-06-07,117.62496307203409,219.84733858330677,109.64213570361264,105.88464910314997
2024-06-10,120.53409359461907,218.01980557386605,110.10949810445672,106.02969967534315
2024-06-11,119.52360286740193,224.28464100817408,110.1677539203238,106.01064596986225
2024-06-12,120.74377709063597,227.1389378931128,110.31351156070941,105.95465536680804
2024-06-13,121.03312304130667,226.29049493866958,110.1677253842857,106.06826515074046
2024-06-14,124.07680249440567,219.245526635995,110.29727540056477,106.21413050590884
2024-06-17,122.97899815023379,225.65194807085726,110.17171135903001,106.22912974075693
2024-06-18,121.84708833529004,221.78205673030732,110.44802763831467,106.31156893239988
2024-06-19,121.05763941193078,217.26370578808613,110.31126364509294,106.4161730614873
2024-06-20,118.18067391986568,220.1403466334488,110.48600062208959,106.3811799957055
2024-06-21,117.51365731852181,226.9856401979757,110.49131799501126,106.36343294985993
2024-06-24,116.53943443592627,231.02538105429608,110.97911507175944,106.46067752130133
2024-06-25,116.7751663908609,232.74923006393936,110.97517310937432,106.58846739456598
2024-06-26,117.26475898528858,234.57639140748174,110.24909554841065,106.64106565904592
2024-06-27,119.7966503047371,237.1823400082513,110.79244113919458,106.5967731393084
2024-06-28,121.12570473221649,239.53489100079307,110.43074634554549,106.74500871541304
2024-07-01,120.37181685996568,240.46903439129386,110.17540016466046,106.72413031643295
2024-07-02,119.1837946326207,240.87060646530705,109.94484074177373,106.71642183856447
2024-07-03,119.8864187891965,240.76668129345995,110.5334434041704,106.75425723395323
2024-07-04,118.12977379071685,238.56561201359722,109.65875251544519,106.87359973216918
2024-07-05,120.62045156067049,237.8072046026761,110.97666483465687,106.94593640020929
2024-07-08,122.27187270395623,232.819886189768,111.43724570590282,106.98873932840623
2024-07-09,121.66020869695559,232.61458096158427,111.54896086986685,107.0348229337547
2024-07-10,119.335566870657,229.80042502743837,111.54352289579347,107.05262288405865
2024-07-11,121.20542752283573,226.68737022925586,111.68161635523526,107.1051304543374
2024-07-12,121.08648870346772,227.28210633539433,111.9193181448457,106.94933702591429
2024-07-15,122.82444041417544,231.3492567188532,112.21001915548572,106.9442081370157
2024-07-16,120.6428756949467,234.108523350195,112.4634699063349,106.97531900056218
2024-07-17,119.86125298836332,229.5599574680346,112.51939948664554,106.9126120122685
2024-07-18,119.90643088609525,226.77975688894932,112.45333496326779,106.95347932659278
2024-07-19,120.00837175783046,229.54868005806466,112.40688846234002,106.95455785903427
2024-07-22,119.43403539885631,226.78926738508915,112.3419224632209,107.08768790148832
2024-07-23,120.31544839366259,226.22842459930888,112.84116753225304,107.20867537581
2024-07-24,118.89714372281657,227.87698459193936,113.11223048832566,107.19210723577707
2024-07-25,118.74293754055965,225.17827152449635,111.87309796509126,107.19680976016225
2024-07-26,118.94260195769037,225.55764049256956,112.16819705472749,107.20670470116234
2024-07-29,119.67417608232442,221.84721762635755,112.2685610959378,107.19109220616834
2024-07-30,120.67781333853966,220.24561885997488,112.27844271714393,107.21914873290619
2024-07-31,119.17721099526078,221.2116197851776,112.13138809664478,107.18282460989508
2024-08-01,117.14193127125658,216.8509433217784,112.62560459685038,107.12137328528983
2024-08-02,118.8762121420955,218.13179573913052,113.0468292637792,107.17827188337068
2024-08-05,119.36188649752695,218.15573130757122,112.73454046767206,107.2356610518933
2024-08-06,118.38675010482058,219.75216484508678,112.92587839882988,107.19622166151548
2024-08-07,120.50656791957766,220.4505802480093,112.52908090434528,107.27157093568644
2024-08-08,120.70288364896714,224.3180983904972,111.96016353763227,107.2437910654317
2024-08-09,122.35523774532335,224.7521142728687,111.71272728853737,107.27578918072571
2024-08-12,122.48775433287503,223.61647365427567,112.0945916759408,107.3461253074359
2024-08-13,125.38877211871878,224.04088577268467,112.51620232647466,107.35876155264556
2024-08-14,127.92427786626861,225.6544404717165,112.75226252995489,107.40442646633986
2024-08-15,127.60376003460917,225.8739394836295,113.07916906912743,107.38440292935756
2024-08-16,129.05002607734704,226.0701223155175,113.3177322714277,107.38602728752215
2024-08-19,130.03536635341862,224.15143781316388,113.0609721521362,107.38701627382132
2024-08-20,132.0946432772942,222.35943142167343,113.26349193205571,107.35142700709656
2024-08-21,130.69130369571715,218.5094952104885,113.62412218843643,107.35438256721015
2024-08-22,131.7494527200613,223.40405063508507,113.96609482378261,107.26456463649292
2024-08-23,133.37245656305106,219.98282740173406,114.4963107195547,107.24627507466336
2024-08-26,130.75505264837028,218.14098992550214,114.82100703585716,107.2419245432905
2024-08-27,129.04223597758397,216.24448569966407,114.99175500437566,107.23951275966415
2024-08-28,126.09939434548347,218.7598697140067,115.47512490113907,107.23809288679416
2024-08-29,125.75421918861409,218.02508291909203,115.48187895123642,107.24881466929759
2024-08-30,126.81729816643652,221.53031913007467,115.11528834137883,107.29610160011245
2024-09-02,129.01790650058803,219.7297115163035,115.06261100615158,107.37011261236937
2024-09-03,129.16725971362874,220.58053548130326,114.756919887491,107.34107707861816
2024-09-04,131.5935665581754,218.3378400682507,114.48228318498495,107.27462689717235
2024-09-05,129.57605041299186,224.3166902748339,114.4379214063255,107.2191082667919
2024-09-06,127.11448367943905,221.0405022071595,114.11333705359661,107.2010933011372
2024-09-09,127.07477420986069,221.9822490037429,113.99862404937733,107.19221697519663
2024-09-10,127.66851243368025,223.8340207111261,113.20080917757609,107.1551109914959
2024-09-11,127.66171239001325,225.0808929248434,113.31003715859573,107.08250398868171
2024-09-12,124.70951874640654,224.63584897860505,113.32853914974402,107.06660863772257
2024-09-13,124.62308682587,224.34866457552803,112.99653474229584,107.09371543161015
2024-09-16,122.81931301664864,224.55262342862895,113.29602579482636,107.1487318528163
2024-09-17,123.79091612520243,224.21693785285024,113.715494381638,107.12598903852873
2024-09-18,124.34479304186148,227.0198464993069,113.04260852837686,107.1129973037009
2024-09-19,123.05909589339822,233.42342139474047,112.73466932453431,107.0653452832375
2024-09-20,122.38113345035455,231.86728234638161,112.42483446958764,107.0780950606436
2024-09-23,120.95014406175943,227.94855079004708,112.04329047911355,107.03573808073348
2024-09-24,120.90257995296191,227.7764253792061,112.41234431333788,107.08924797297684
2024-09-25,122.25037244209406,235.26080009106445,112.3478349399229,106.98364713094746
2024-09-26,120.92277955280788,232.96272437641306,112.25334569580755,106.97426931776053
2024-09-27,121.65228377735302,237.8568224150824,111.4209694388552,107.00941771260044
2024-09-30,120.95946235221311,242.96936127493365,111.70624996955982,107.03667234237884
2024-10-01,119.91039635165848,241.36153256519526,111.20075390903273,107.23312109690933
2024-10-02,119.80293866310699,243.17793639382222,111.24359446750647,107.27164375840108
2024-10-03,118.43465920754448,248.25379235581232,111.37787843929216,107.2186938254702
2024-10-04,117.72874923304461,247.15665515086246,111.9683522992802,107.22713751910334
2024-10-07,116.16705403184855,246.61100033619698,111.43223148496169,107.12205051443453
2024-10-08,118.79188919503392,244.89178927837568,110.17817838374395,107.13148966167816
2024-10-09,118.87709997287584,241.8483744678011,110.27222825307057,107.09014900177141
2024-10-10,117.97165100409595,239.95639818593676,111.04016656013415,107.16677527613444
2024-10-11,118.29533742544038,236.34192174480506,111.57776832741055,107.14456078835708
2024-10-14,118.1822210524806,236.52781747467552,111.68389755947621,107.15156089350187
2024-10-15,117.92362660199514,234.31779426083645,111.49409301378435,107.12354344782152
2024-10-16,118.78228231356076,235.09164482450595,111.85191845738156,107.25576199683087
2024-10-17,119.84025120421073,230.56723565301525,111.45809583821853,107.24895393385758
2024-10-18,119.1574185560709,231.6107465189873,111.67646379184761,107.38765807479678
2024-10-21,118.41724784503387,234.125719761055,111.90754783332603,107.45764865660365
2024-10-22,118.08552172746506,228.32840048814614,112.37374874072519,107.50520536968008
2024-10-23,115.04081971704643,229.4859827051948,113.56370410940957,107.54510796262966
2024-10-24,113.10086435275602,233.1174419446142,113.75016697863119,107.5867233884688
2024-10-25,114.88970807754744,229.64797802252792,113.54940117272425,107.47102132371693
2024-10-28,117.06912459046492,234.56923641107915,113.55644899606582,107.46706734272526
2024-10-29,116.77570921584423,235.89133575159144,112.81518108345685,107.53920873492564
2024-10-30,117.57620691020392,233.88032162896565,112.53686166959902,107.55083227791056
2024-10-31,118.02848793277587,233.79952030983011,112.38063664197966,107.47056735947706
2024-11-01,122.18647661298854,235.52762626327964,112.17586363679494,107.48194604093962
2024-11-04,123.7763971728891,235.83727932799096,112.25826549642308,107.61225440736276
2024-11-05,123.63615989696477,237.52229667883654,111.9271344837129,107.71172653070144
2024-11-06,122.33583514864219,234.85201065955613,112.41914689447836,107.72247939606068
2024-11-07,120.1462770829126,235.43700087375302,112.43707918631154,107.80200504212456
2024-11-08,120.46160352156316,231.32768684221045,112.45097396367447,107.7920884615442
2024-11-11,119.4667411320439,231.0861405327941,112.32945996089443,107.69136221759004
2024-11-12,117.57804591689901,228.5370240043612,112.41317863664592,107.64360433516697
2024-11-13,116.7533550235708,226.5008360504694,112.78159129874803,107.76453291183492
2024-11-14,115.35860294497449,230.1090969832433,112.42985777199392,107.76090011241433
2024-11-15,117.6020795536745,233.3550982869101,112.1680405227365,107.75934527274202
2024-11-18,118.81506450576973,235.22930418460203,112.05707870083022,107.75395822996201
2024-11-19,118.84204254289739,232.07612488993698,111.50484082263164,107.89817420890901
2024-11-20,120.87405720741262,231.23386750870498,111.17726485688237,108.0236756173974
2024-11-21,121.0184696096386,234.85053568215483,110.99479900028983,108.18966361539057
2024-11-22,119.87501636614648,235.35372835233198,111.37924176461236,108.193850536295
2024-11-25,121.98338582518579,242.3150087933512,111.50745249284651,108.22902595971338
2024-11-26,122.76751037932753,243.60230288040552,111.60674221282278,108.1406562982686
2024-11-27,121.36258286077802,244.2787217489136,111.98339511934499,108.25628787141297
2024-11-28,121.13918135774193,243.4146203298433,111.94302662867462,108.19168668051518
2024-11-29,119.97489845991771,243.91108881718077,112.12600294288953,108.2214875026968
2024-12-02,118.1318422905155,243.5296615049487,112.10005570804617,108.16171171791294
2024-12-03,119.40994927145047,245.78924504435912,112.23028296650975,108.13661145754124
2024-12-04,122.03317210663562,248.83960241481176,112.00089655392733,108.09459639731953
2024-12-05,120.13667833112987,246.46433047879245,110.98626561867144,108.06821736688259
2024-12-06,120.94170597646996,242.4186638760378,110.9475539012298,108.04652521274092
2024-12-09,120.0878414524468,236.89712539877638,111.56178315302252,108.02421490313792
2024-12-10,119.46266146570666,238.49789423431335,111.97004297666786,108.09592568826226
2024-12-11,118.69814159865703,235.2676859723527,112.39637895608183,108.03570444817507
2024-12-12,117.57296937204862,228.97033955831895,112.93935070359424,108.06571859583806
2024-12-13,117.67498083744148,230.17306880016372,112.99512290563105,108.16364029754413
2024-12-16,116.60359386871362,237.48474293240434,113.09732851209378,108.14369552436072
2024-12-17,116.99819820848259,237.55139458367282,112.85125422045654,108.10980788595313
2024-12-18,116.96869286583672,240.14572511189692,112.73435014525104,108.1091237697666
2024-12-19,116.68890891539996,240.4790704010781,113.01462198255928,108.20448098094342
2024-12-20,115.52513024847136,240.26534470789844,113.54680621315163,108.23274022617957
2024-12-23,114.80627375737167,243.13325232737918,113.50498383342054,108.21155424495758
2024-12-24,115.82607397473494,242.33091924513909,113.32986546999508,108.25956798513508
2024-12-25,116.52072085518257,243.2338368251398,113.34808048692638,108.19943088886903
2024-12-26,115.26614525173484,244.30653556436926,113.62363852069667,108.26089953045432
2024-12-27,115.43256452871384,242.33742349908692,113.0216004805241,108.30380194985459
2024-12-30,116.45268705791239,245.4528411147031,112.05865440098444,108.29784391704953
2024-12-31,114.28529103850744,244.99945464585662,111.84326606431718,108.25567593032265
2025-01-01,115.0256980999467,242.75419360602143,111.34498987181007,108.21024453166781
2025-01-02,114.19797468577053,244.481761479697,111.14881567018774,108.26173011584802
2025-01-03,114.97308670922904,241.80163268324523,111.10437537883358,108.36058106900192
2025-01-06,114.01454630932193,241.97384188781456,110.93167609301184,108.3321280449993
2025-01-07,111.71738361966368,242.0324610911226,111.55827826032667,108.37845577801171
2025-01-08,109.69115020837921,245.43014691453934,111.7137580687067,108.25102281209537
2025-01-09,109.78577992597425,246.9856288077154,111.85836219914995,108.22619157921427
2025-01-10,110.14394908049239,246.9959609117601,112.13917726074854,108.23910551803277
2025-01-13,109.04950082466154,249.62894521585736,111.67428698338591,108.19211266611227
2025-01-14,109.87374255442657,254.09034159459597,112.1306108513045,108.14331210788097
2025-01-15,107.83861645044743,255.9667713610343,112.11629940529826,108.11284027577615
2025-01-16,107.79205020771454,256.09157400308425,112.41821836229273,108.14775564258667
2025-01-17,106.34610903323541,251.95046053257437,111.98062939243651,108.1500140596535
2025-01-20,105.59385213374621,248.6594765738654,111.34078036566954,108.01254844220021
2025-01-21,105.68412545119222,247.79207101773633,111.70264486004228,107.8832545445724
2025-01-22,104.68660361747999,245.97774017825006,111.87929415268141,107.85699573455967
2025-01-23,104.26335675826162,245.4861600247793,111.51560765625517,107.90307271099135
2025-01-24,105.48613115878271,245.74904251836168,111.1667547944667,107.731304347668
2025-01-27,104.82959828172747,247.47681661904485,111.65727518861843,107.71235316885024
2025-01-28,105.85622789232964,247.34539201156426,111.17303721167188,107.69160603538428
2025-01-29,104.53384951953507,248.94979478970413,111.8809260041268,107.80074711480209
2025-01-30,105.19501305358389,249.24092766613936,111.51783925398277,107.78957334586406
2025-01-31,106.94791038092339,243.12669965396609,111.80462129907534,107.83054947368615
2025-02-03,103.98455981932612,240.33624439181472,111.68349989455469,107.85512109305935
2025-02-04,103.07797225002197,239.98578855289216,111.95584729631393,107.7253452988065
2025-02-05,103.78517405403475,236.41394126795308,111.74337441479135,107.79243814647089
2025-02-06,103.57917522595987,238.2852839526235,111.69235583275724,107.82203535578232
2025-02-07,104.0479599632531,242.9658718833585,111.72735911180949,107.87153300584005
2025-02-10,103.36841358398654,246.78337568940486,111.32188014908336,108.15331353194723
2025-02-11,103.50271977293737,246.20788066998162,111.65125743468604,108.02634382830543
2025-02-12,103.3528733367853,250.91993679608314,111.45240266049079,108.15871343946
2025-02-13,104.75422091757116,251.4795326079915,111.3737956925344,108.15415065293654
2025-02-14,105.08967761313744,250.5013423114121,110.97289934270083,108.18874798527587
2025-02-17,105.52532841494491,248.65489584213788,109.91577363962703,108.20067242673946
2025-02-18,105.06599929597095,247.7961370672177,109.85385952231081,108.18678434226076
2025-02-19,104.51845051267145,246.67277177417034,110.87303522086415,108.16297544779898
2025-02-20,104.03899422579292,247.29048613930868,111.21943092433608,108.20044957946003
2025-02-21,104.53735424200914,247.87908321077578,111.22898831766474,108.11206704787341
2025-02-24,104.0715300413576,247.97712412363748,111.13612281504221,108.17820020704197
2025-02-25,104.44652040666438,249.43077752130506,111.16320038143111,108.16486303112274
2025-02-26,106.93760056211062,253.26150445231076,111.41072148125797,108.10288587540884
2025-02-27,108.02783859660296,256.3817876108831,110.93117377530926,108.0872550017866
2025-02-28,107.66278022336625,251.6769733492909,111.41599517337681,108.18786461377697
2025-03-03,109.16337823271998,243.66880358226788,111.73493653730762,108.16640657668364
2025-03-04,108.69291906137512,246.62413269519809,112.05597526228523,108.20585415599402
2025-03-05,106.21551400220248,242.46508550773456,112.25947033358091,108.17105836877683
2025-03-06,105.03512357361136,241.8650729130777,112.28561266294352,108.23772795386427
2025-03-07,102.84038040841577,238.3858690936334,112.5889978990114,108.29950119235048
2025-03-10,102.46312816708102,233.05897553501634,112.85871355004424,108.44065908652738
2025-03-11,102.51705503471274,234.73209007574619,112.72560595762559,108.44372730638977
2025-03-12,104.4983480976112,237.0610077131278,112.49910856648648,108.5044668358263
2025-03-13,104.91889838626072,235.42381568508796,112.56027554324316,108.52623995324497
2025-03-14,104.6915489790725,227.8227053991627,113.23715406002928,108.6299054527588
2025-03-17,105.70936394731272,226.33618723627777,112.72479507608955,108.5958029458589
2025-03-18,103.09258599676785,227.53427732331534,112.1174345590203,108.66185070937699
2025-03-19,103.40073780703123,223.37599931794222,112.20505070197572,108.6636154996081
2025-03-20,104.33736754239351,223.97180134347198,112.24444225903429,108.67431388220392
2025-03-21,102.62121276750416,224.00859025455864,112.33579801810629,108.69568876362771
2025-03-24,103.98468049497302,225.7234946783699,112.4572090407876,108.72805675311787
2025-03-25,104.41680430828146,226.1441786902814,112.38018765309565,108.73519708485213
2025-03-26,103.95826187913582,223.45252622025004,113.03085597688953,108.76500634773294
2025-03-27,104.73717250933919,226.9009633104265,112.36486482148882,108.88823816823405
2025-03-28,107.46711519621546,226.528813504525,112.03083843338388,108.97095662545051
2025-03-31,107.72284714766849,226.53178963877548,112.00489924422341,109.04575481510936
2025-04-01,108.06023695886584,223.9491169654559,111.32705233984017,109.0296079697299
2025-04-02,107.53169243695308,222.77838072903435,111.27072786337465,108.98367595691609
2025-04-03,106.52961867534603,220.37452992614672,111.98714412368798,109.06439707880615
2025-04-04,107.5664270840165,219.97305762607544,112.01376051856933,109.13973292892729
2025-04-07,106.55641944065077,224.79544835998908,112.1292128350839,109.25613964533673
2025-04-08,106.67671579587454,220.99029379286998,111.61294247257958,109.22974520375304
2025-04-09,106.13280684811754,216.57671544041781,111.3706422718326,109.22912115542753
2025-04-10,106.74291988929392,220.66831453658162,111.23038443900664,109.13148243932778
2025-04-11,107.18065477460723,220.16517145177156,111.11446902717171,109.11965862497807
2025-04-14,108.47561760475008,218.38791423620458,111.67036231249222,109.20331731748712
2025-04-15,107.88273521466722,221.32713393507214,111.92347482890388,109.18639347025942
2025-04-16,107.58685237718146,219.7174447625152,111.47105932017931,109.2456110640851
2025-04-17,106.42699326756279,224.85063813037144,111.59261077934542,109.24767397213131
2025-04-18,105.92462042686697,226.85140543079254,111.82046407212056,109.28514872418143
2025-04-21,106.41141246152377,225.53794416763827,112.32008779764642,109.22131650045606
2025-04-22,107.35857027350819,231.748508466963,113.00890336482112,109.2423487902918
2025-04-23,106.27007121936445,230.0627355488618,112.59326054485726,109.05168269368046
2025-04-24,107.35167361707552,232.2958776199049,112.26606192201214,109.05398972299606
2025-04-25,109.03590852636242,233.25476595135757,111.750259163933,108.9571265830692
2025-04-28,109.58167375287748,237.16354238085034,111.66915286320884,109.05503480604004
2025-04-29,111.94845430454572,241.91400752352035,111.88371387648426,109.12358783580312
2025-04-30,111.0017639372277,242.097948589389,112.31899789732547,109.17082350581833
2025-05-01,109.47042828537606,239.88637654504944,112.30458313237739,109.29058747462608
2025-05-02,107.2972945209952,241.36221682002682,112.18664312244906,109.24043704785133
2025-05-05,109.15149995937901,239.3875677839218,112.26879980810276,109.37585414152926
2025-05-06,109.9960345233883,245.54543900738378,111.93223890593231,109.45527352180243
2025-05-07,109.9616265969535,246.0555170152888,112.83401474022948,109.4541650753369
2025-05-08,110.34561327292494,245.01089420749756,112.16630170129366,109.54766764648076
2025-05-09,108.9724298765863,245.66847796801574,112.26242641756559,109.48653889566076
2025-05-12,112.02907177896593,241.5866831666198,113.1388864313038,109.44487858747745
2025-05-13,112.22878497409583,238.71565653643066,113.15975276684753,109.41812078109837
2025-05-14,112.40362403154545,242.41119846337926,113.09643424094422,109.39685692901992
2025-05-15,113.36432435180548,240.49155699611958,112.96159088355813,109.33923980712343
2025-05-16,114.01861701798136,237.4054020176091,112.90250222174383,109.43866840707008
2025-05-19,114.34426177441517,239.09533249181735,113.50626073340486,109.43602283055529
2025-05-20,113.355678161774,242.75244170288798,112.57535933351748,109.47552334129
2025-05-21,113.99765772874962,245.03798098465595,113.24569660181251,109.45139507820842
2025-05-22,116.46657479467981,248.2004813891825,112.65417786466001,109.34106989000882
2025-05-23,118.28031920857391,245.92260185418831,112.55852084638533,109.37485726840663
2025-05-26,120.45460701435233,241.6051876590816,112.39377330079805,109.25829445762841
2025-05-27,119.79461446906544,246.26144365312575,112.66163603336952,109.26874539631142
2025-05-28,118.48842147782285,245.34824687495623,111.999003988752,109.18973660133653
2025-05-29,118.35703804537904,244.66052197359227,112.21242689850794,109.34159278421988
2025-05-30,118.46939691806506,248.84196997455797,113.08879488377886,109.41955262265621
2025-06-02,119.97685198494548,250.67468667136393,112.52407656804766,109.44203916306647
2025-06-03,117.71249469543505,252.20400001932882,112.62261976163515,109.54436191765123
2025-06-04,119.79140691037031,259.17330662698015,112.35870810316449,109.50117514127223
2025-06-05,119.61481271277918,257.1646034115481,112.55740689347162,109.55387244133424
2025-06-06,119.07380495752982,260.26262159166913,112.58341913022434,109.5828776650715
2025-06-09,117.74509316244615,260.5425186112666,112.328320587597,109.61632300664796
2025-06-10,115.5730670224485,261.5172309695519,112.55328209560753,109.71940578637845
2025-06-11,116.68850168621614,266.6466390823013,113.33873798664587,109.7852720508842
2025-06-12,116.82255436140328,268.4479096546597,113.2749488649568,109.82048762016672
2025-06-13,115.15090288045293,270.36436894182907,113.60108550688909,109.72125468334937
2025-06-16,113.49648925078128,274.1141781505229,113.06382255961593,109.67013736874074
2025-06-17,113.10038874032409,272.9517066996614,112.67304464284322,109.6768919005749
2025-06-18,115.27671002687134,270.16325795852975,112.89211011773996,109.6985758946876
2025-06-19,114.9739900511531,266.7034890056081,113.54329003926247,109.63571065355721
2025-06-20,113.05086855735935,260.1914908499388,113.7139254250984,109.8174978879853
2025-06-23,112.7717454978082,267.02487855152447,113.59742346431634,109.93765221653737
2025-06-24,112.45881131405247,263.40883402936424,113.61515056069271,109.99462056429275
2025-06-25,109.05554229827045,262.76864762666514,113.09622848910992,110.01488903610411
2025-06-26,109.02302350586368,261.9460827194612,113.37258854730759,110.01546219201346
2025-06-27,108.77215159428934,263.05414168439364,113.76867106642166,109.96477109621293
2025-06-30,109.6653557052161,265.851581934586,113.59232841061768,109.98541115691107
2025-07-01,111.999325285077,268.8286118250481,113.40855167991049,110.01854511190415
2025-07-02,113.46556524148164,266.94978414979295,113.54052015441812,109.9477650388
2025-07-03,113.15563962694209,266.48305106241315,113.37112731635122,109.9861808147995
2025-07-04,111.77181810526882,267.52694927355304,113.36078473713795,109.99069958398005
2025-07-07,115.06870870187129,266.7842755149005,114.27843264383245,109.87378860965431
2025-07-08,115.18250408827362,272.2821108119835,114.18987380331475,109.8294981862701
2025-07-09,115.23726227018633,274.06361068230694,114.05334059006367,109.81613653743898
2025-07-10,115.24232205516383,276.69893310400704,113.79230125605709,109.96197460041104
2025-07-11,115.53774924926385,279.1086105429196,114.13043637897363,110.01579927189174
2025-07-14,115.38530494251813,283.33474021083373,114.070377196159,109.9385257781202
2025-07-15,114.67138658842993,284.0821206240074,113.80850934192526,109.98745534516348
2025-07-16,113.9967361506557,279.54208950335396,114.39494068863314,109.89552551962049
2025-07-17,113.99058866484883,281.0495866752988,115.02689553920764,109.9857409703553
2025-07-18,113.32438236485527,278.8435771368204,114.78411314708943,109.96837512971271
2025-07-21,112.44436741514828,277.08608146865765,113.99254724123003,109.97716200254769
2025-07-22,112.61576250363474,279.2320120614258,114.44472991006063,110.08428660708145
2025-07-23,112.32592223784555,283.6880085563894,114.16675197503032,110.01031569700281
2025-07-24,114.27715131577887,283.8653531457217,114.52603634617795,109.9287746382494
2025-07-25,110.87835320684138,285.0712339123649,113.69142071519234,109.90362907624163
2025-07-28,112.28584132375335,291.28665209988543,114.09302781240163,109.99078332241258
2025-07-29,113.90800548935096,292.274215163157,113.58884279976336,109.9007878542589
2025-07-30,111.26618551998806,301.9587999326295,113.92060842448149,109.71997891967985
2025-07-31,110.86915975771781,304.2180238765282,113.9448367501139,109.70403501821171
2025-08-01,110.43740384951887,297.578044846487,113.55208918678328,109.75740086674948
2025-08-04,108.70991744362173,300.5086991172851,113.39541881482135,109.85563184410876
2025-08-05,107.78564921082376,302.05910977998764,113.70757033295456,109.838837626526
2025-08-06,106.46254952846881,307.07525444417547,113.77112985952431,109.82562560566666
2025-08-07,108.61163870356816,309.7893177939874,114.0404947962207,109.92071021912881
2025-08-08,109.79844416634599,309.3595661016308,114.91050669735397,109.80650945241229
2025-08-11,111.4163835168055,304.69827071069824,114.24936364967328,109.79488575318814
2025-08-12,112.36347317685849,304.0046852288927,114.96584644631425,109.82330557352495
2025-08-13,110.96063955062449,300.855680771331,115.02944078470978,109.86963674070714
2025-08-14,110.335926660115,298.7626984605675,114.65693470822438,109.84961199505705
2025-08-15,110.98320644459254,301.0848416142644,114.09862621092121,109.86725216061133
2025-08-18,109.48047535288488,307.52684146105184,114.03517850590472,109.71029470486606
2025-08-19,110.40034153894433,309.1658170641846,114.45052201125824,109.68004004666017
2025-08-20,110.13454459602585,304.61812160311536,114.41351326734939,109.72660717818276
2025-08-21,109.70142858807664,306.43322217757867,115.08516165634984,109.6739495780646
2025-08-22,110.62061560858972,311.16249266232546,114.47219525355254,109.6932571785225
2025-08-25,111.21298156810049,308.8831030592371,114.48513498796966,109.73937135773923
2025-08-26,110.79309570152101,308.47188243262406,113.96138013536401,109.73093274853203
2025-08-27,112.28470588140016,308.6391348744071,114.13609768769565,109.75795629190802
2025-08-28,110.9439540010791,305.6972957801535,114.53681233879627,109.70663614719733
2025-08-29,111.75401279338959,308.3032761490784,114.37284144542429,109.70759454617817
2025-09-01,112.54105120713187,307.9435908687159,113.26522362273599,109.76500331745763
2025-09-02,112.18176768402297,309.68124105228645,113.36837238999237,109.79110242325866
2025-09-03,112.63222921882574,306.3291870137652,113.57350642004336,109.76578557421715
2025-09-04,111.07015150736967,304.75027029628285,113.76508456149948,109.7965344774845
2025-09-05,112.26914733730405,307.63268749156276,114.31451847622405,109.86121020778118
2025-09-08,112.0694056104351,306.2975267614122,113.86989533030174,109.73460035547424
2025-09-09,111.44073416790845,313.0712482488549,114.18072659586555,109.82996377448822
2025-09-10,112.80166032593708,311.6067636203897,114.71349214133217,109.82195369002588
2025-09-11,111.93657915473345,312.60013616906906,113.96054730421696,109.86664269781805
2025-09-12,110.18443704183234,316.3846869027561,114.11632003308279,109.96476279018388
2025-09-15,108.27460408598397,310.8439729584858,113.91697131971259,109.88501806831279
2025-09-16,109.05298667140903,304.0591930725578,113.899952513447,109.85117162179363
2025-09-17,107.50429861557626,298.3233231634474,114.06770706834939,109.84646123606296
2025-09-18,109.6774932888309,303.17531555365076,113.87575156787133,109.80748447970512
2025-09-19,107.12317025169644,301.1756875150404,113.6029956478215,109.94274492217086
2025-09-22,109.21779967265878,310.9902274487436,113.63569219898596,109.89867692361399
2025-09-23,109.51379885808458,308.89051202903477,113.1867547124785,109.87548031454
2025-09-24,109.42846972589632,309.7190400068897,112.74019866191523,109.90488759428226
2025-09-25,108.78707211176479,315.8471105929968,113.04758704665964,109.83692305679492
2025-09-26,109.31395384239487,323.94275767343066,112.57467471828618,109.82480073666434
2025-09-29,109.30200833090046,332.47205600877464,112.8760545368395,109.86201658877262
2025-09-30,110.7041047362597,337.65234512974274,113.09132733470592,109.8542390768629
2025-10-01,110.88263504388046,342.12931740116267,112.37159081389503,109.86303408385267
2025-10-02,111.10680891758385,344.80554896684424,112.10164913672433,109.8416592418785
2025-10-03,110.68399033102052,348.3100045263325,112.62539246626784,109.75212316092811
2025-10-06,110.64765915656136,346.0156362179203,112.22560307307955,109.7896006102354
2025-10-07,111.06896166140645,342.57236744788,112.0464289538633,109.92622200001678
2025-10-08,108.95042933877718,342.6801505430491,112.25989490030747,109.94276378877841
2025-10-09,107.31949311290296,342.06778733421453,112.61010849860259,109.97363483120574
2025-10-10,108.25803244789786,340.23670057686155,112.52092157798954,110.03689861710315
2025-10-13,108.50214264905642,343.34333384591946,112.28466746385102,109.96419567953828
2025-10-14,108.31023332244949,347.5983387463731,112.90613872246817,110.09740326180442
2025-10-15,108.36725665345209,348.1096437124181,113.66612722917337,110.12672705012913
2025-10-16,108.82875664825488,354.71407460697355,114.1047040973288,110.25522975526336
2025-10-17,108.19724087568663,349.7385754978127,114.15961155783346,110.21963071270262
2025-10-20,107.27673275196379,349.010162029145,113.82897939522094,110.36117038119517
2025-10-21,107.54901577262335,345.98285852928655,113.48976281403158,110.4303879086987
2025-10-22,106.39004131287831,337.9702387048752,113.73191000167328,110.48419747803754
2025-10-23,106.9163115091372,337.7388859530579,113.92981794507591,110.51583025702692
2025-10-24,104.88618211382222,337.3414579431802,114.55145035043779,110.51387750588513
2025-10-27,106.14345155801344,343.89425414656347,114.85125445476996,110.612804307056
2025-10-28,106.74594429879578,346.7501662978602,114.2170022550892,110.63794740450088
2025-10-29,107.08972651093069,342.3997006170049,114.68925739914874,110.51621816319168
2025-10-30,108.31698856067126,350.520227744324,114.27481808413813,110.4537905983142
2025-10-31,110.39690929484689,356.03766900564585,114.1271127581602,110.45620037631166
2025-11-03,111.70172742927842,358.7759136246426,114.25315451891474,110.49311151294295
2025-11-04,109.40557650576868,357.88030540925087,115.13309167168862,110.50451898658484
2025-11-05,107.85293865659555,353.6821348985519,116.50468571399821,110.60472098242367
2025-11-06,107.12306369432243,352.14990546405966,116.79034678844751,110.48414084847835
2025-11-07,107.1887628069107,357.10609356540954,116.7280171846785,110.50947936827038
2025-11-10,107.85195703449588,365.71259986700414,116.98236422094088,110.39827032217451
2025-11-11,106.99866459613708,372.95377654531154,117.39341127360028,110.46643713085822
2025-11-12,107.2592273556277,370.7899804309113,117.26976319510285,110.47520656330241
2025-11-13,106.37457716281367,365.6920961800263,118.08408341042478,110.51975219109823
2025-11-14,105.67074979356236,366.4718039228806,118.20551114990015,110.47495784762201
2025-11-17,104.01884363036274,358.4376063197144,118.44665301708656,110.57934298793684
2025-11-18,102.96294619522426,360.0250093944572,118.76357921620946,110.66726614346054
2025-11-19,101.41755448870423,359.4840808420982,118.97167411957597,110.72331770244077
2025-11-20,100.32752852397849,357.5017543473245,119.36780544177677,110.72966222519834
2025-11-21,101.55800907281065,350.4467334703247,119.10826789052626,110.78548820596947
2025-11-24,100.49696032363306,352.83954731218944,118.87583380823999,110.75154225029962
2025-11-25,103.52853829424792,350.59751419090844,118.4003944293694,110.82661388689029
2025-11-26,104.1405120000579,345.55507215204875,118.61586996558624,110.95716366866368
2025-11-27,104.3918348142069,333.1738478764246,118.98391524978938,111.04740625598595
2025-11-28,103.40894371726101,333.17734208298697,119.20866979274058,111.01179141323203
2025-12-01,104.26291834684464,340.735608095629,119.98206186577276,111.05248393974783
2025-12-02,103.61548116592141,347.9888611742159,119.99856890133711,110.97744425330569
2025-12-03,103.7917229734744,346.10911976688874,120.32092538089523,111.03287314668799
2025-12-04,106.83760426053917,343.60674531260855,119.84355074926576,111.07981144529977
2025-12-05,106.75515163818592,345.758803613062,119.68723051383878,110.96440122182854
2025-12-08,108.18022561624663,341.533170704984,120.02087252612735,110.89860308897708
2025-12-09,107.3520182667617,342.9537312761022,120.42510696274424,110.8942257158467
2025-12-10,107.34350827112802,346.3863027510148,120.31041885177957,110.88861059366874
2025-12-11,109.532935005383,351.86441892988046,120.29695736999774,110.81952588423081
2025-12-12,108.78902259245092,351.54609426228916,119.6259056528129,110.86207198881515
2025-12-15,111.05930755037387,350.76956226736985,119.48346548652644,110.89503154582148
2025-12-16,111.98583236627691,347.01478526656905,119.9045326496363,110.89686251580422
2025-12-17,111.30716312145228,343.52361859485075,120.18424603531778,110.85946642980657
2025-12-18,112.14066344377463,342.66610704496077,120.4307521822869,110.94809993488745
2025-12-19,113.4129207138844,344.37447344368184,120.47252443328398,111.07920701065078
2025-12-22,114.24856101335365,348.4612435793422,120.49486321846538,111.06079827427871
2025-12-23,112.25067192684352,345.05957858951916,120.2132608000483,111.0333951305242
2025-12-24,111.36080469522625,351.67204195054404,120.54986433938481,111.08317369250007
2025-12-25,111.08361237342301,350.5963849819295,120.76080952361954,111.07354851091762
2025-12-26,111.02512291507603,350.62721651644813,121.00455152392897,111.07922180415947
2025-12-29,111.84173716242458,347.45164211759226,120.78317434281365,111.1464054698136
2025-12-30,112.10259686066904,336.9636706092426,119.81930757382995,111.02815765484577
2025-12-31,110.4407967662828,340.8370908947039,120.33519890342102,111.1357818329338
