Date,Rolling Volatility,Rolling VaR,Drawdown,Volatility Utilisation,VaR Utilisation,Drawdown Utilisation,Status
2023-01-04,,,0.0,,,0.0,PASS
2023-01-05,,,0.0,,,0.0,PASS
2023-01-06,,,0.0,,,0.0,PASS
2023-01-09,,,0.0,,,0.0,PASS
2023-01-10,,,0.0,,,0.0,PASS
2023-01-11,,,0.0,,,0.0,PASS
2023-01-12,,,-0.006510359396928789,,,0.06510359396928789,PASS
2023-01-13,,,-0.005367791708739467,,,0.053677917087394666,PASS
2023-01-16,,,-0.0032124522661431953,,,0.03212452266143195,PASS
2023-01-17,,,-0.002808468538560427,,,0.02808468538560427,PASS
2023-01-18,,,-0.010539346848907671,,,0.10539346848907671,PASS
2023-01-19,,,-0.016153567994158347,,,0.16153567994158347,PASS
2023-01-20,,,-0.016164432675559448,,,0.16164432675559448,PASS
2023-01-23,,,-0.022464297172271497,,,0.22464297172271497,PASS
2023-01-24,,,-0.02138143690971106,,,0.2138143690971106,PASS
2023-01-25,,,-0.024281249899508528,,,0.24281249899508528,PASS
2023-01-26,,,-0.021899484374035105,,,0.21899484374035105,PASS
2023-01-27,,,-0.020808022471552445,,,0.20808022471552445,PASS
2023-01-30,,,-0.027640682200230415,,,0.27640682200230415,PASS
2023-01-31,,,-0.021763543821359588,,,0.21763543821359588,PASS
2023-02-01,,,-0.024108916548503334,,,0.24108916548503334,PASS
2023-02-02,,,-0.025683197498732935,,,0.25683197498732935,PASS
2023-02-03,,,-0.03184135400755883,,,0.3184135400755883,PASS
2023-02-06,,,-0.03289089305560178,,,0.3289089305560178,PASS
2023-02-07,,,-0.03455531986845939,,,0.3455531986845939,PASS
2023-02-08,,,-0.03272439907295699,,,0.3272439907295699,PASS
2023-02-09,,,-0.037680125726109015,,,0.37680125726109015,PASS
2023-02-10,,,-0.03989422886723515,,,0.3989422886723515,PASS
2023-02-13,,,-0.04195845393325148,,,0.4195845393325148,PASS
2023-02-14,,,-0.03839441728049442,,,0.3839441728049442,PASS
2023-02-15,,,-0.031924433517471984,,,0.31924433517471984,PASS
2023-02-16,,,-0.026232327904947894,,,0.26232327904947894,PASS
2023-02-17,,,-0.035219296252848364,,,0.35219296252848364,PASS
2023-02-20,,,-0.030991068363056984,,,0.30991068363056984,PASS
2023-02-21,,,-0.0309876624136588,,,0.309876624136588,PASS
2023-02-22,,,-0.029735417903901107,,,0.29735417903901107,PASS
2023-02-23,,,-0.02971279187738407,,,0.2971279187738407,PASS
2023-02-24,,,-0.036822532446212475,,,0.36822532446212475,PASS
2023-02-27,,,-0.02969124396192413,,,0.2969124396192413,PASS
2023-02-28,,,-0.016105290062920496,,,0.16105290062920496,PASS
2023-03-01,,,-0.01781798915353061,,,0.1781798915353061,PASS
2023-03-02,,,-0.01998466570227264,,,0.19984665702272641,PASS
2023-03-03,,,-0.012264891830056635,,,0.12264891830056635,PASS
2023-03-06,,,-0.008963394592602425,,,0.08963394592602425,PASS
2023-03-07,,,-0.013967367870031833,,,0.13967367870031833,PASS
2023-03-08,,,-0.017631089688682766,,,0.17631089688682766,PASS
2023-03-09,,,-0.01641584809018437,,,0.1641584809018437,PASS
2023-03-10,,,-0.020999814355245006,,,0.20999814355245006,PASS
2023-03-13,,,-0.03127275488555059,,,0.3127275488555059,PASS
2023-03-14,,,-0.0350205041857532,,,0.350205041857532,PASS
2023-03-15,,,-0.03747639011773829,,,0.3747639011773829,PASS
2023-03-16,,,-0.03935797445116718,,,0.39357974451167177,PASS
2023-03-17,,,-0.0364944386299737,,,0.364944386299737,PASS
2023-03-20,,,-0.02566763487607726,,,0.2566763487607726,PASS
2023-03-21,,,-0.026349961853677772,,,0.2634996185367777,PASS
2023-03-22,,,-0.023973587959571052,,,0.23973587959571052,PASS
2023-03-23,,,-0.026853707702701568,,,0.2685370770270157,PASS
2023-03-24,,,-0.024944785784932866,,,0.24944785784932866,PASS
2023-03-27,,,-0.018526616474237256,,,0.18526616474237256,PASS
2023-03-28,,,-0.02409161026734019,,,0.2409161026734019,PASS
2023-03-29,,,-0.02170253823699575,,,0.2170253823699575,PASS
2023-03-30,,,-0.024566854079937528,,,0.24566854079937528,PASS
2023-03-31,0.08092280158587573,,-0.024964477343559666,1.0115350198234465,,0.24964477343559666,BREACH
2023-04-03,0.08127343137109085,,-0.02047168108513464,1.0159178921386356,,0.2047168108513464,BREACH
2023-04-04,0.08822890374569627,,-0.0028281313314112433,1.1028612968212033,,0.028281313314112433,BREACH
2023-04-05,0.08557732510477582,,-0.005699410731642152,1.0697165638096977,,0.056994107316421516,BREACH
2023-04-06,0.08542896247570701,,-0.005377384271079477,1.0678620309463376,,0.05377384271079477,BREACH
2023-04-07,0.08548242261569239,,-0.007415171154334765,1.068530282696155,,0.07415171154334765,BREACH
2023-04-10,0.08496343312763445,,-0.011300567776277526,1.0620429140954306,,0.11300567776277526,BREACH
2023-04-11,0.0840613035371204,,-0.013196273733297348,1.0507662942140048,,0.13196273733297348,BREACH
2023-04-12,0.08702915661167675,,-0.002120344879962488,1.0878644576459593,,0.02120344879962488,BREACH
2023-04-13,0.08791810044732144,,0.0,1.098976255591518,,0.0,BREACH
2023-04-14,0.08809888219067749,,0.0,1.1012360273834687,,0.0,BREACH
2023-04-17,0.08961557448108384,,-0.011197385745187138,1.120194681013548,,0.11197385745187138,BREACH
2023-04-18,0.0892935578285123,,-0.006528270684995063,1.1161694728564038,,0.06528270684995063,BREACH
2023-04-19,0.08943050685205092,,-0.00871316157452895,1.1178813356506365,,0.08713161574528949,BREACH
2023-04-20,0.08862700112060827,,-0.005222762394476499,1.1078375140076033,,0.05222762394476499,BREACH
2023-04-21,0.08864114447052086,,-0.0037685443622379466,1.1080143058815108,,0.037685443622379466,BREACH
2023-04-24,0.09283364105613329,,-0.017458378636741934,1.160420513201666,,0.17458378636741934,BREACH
2023-04-25,0.09359419230584642,,-0.011004935204861788,1.1699274038230802,,0.11004935204861788,BREACH
2023-04-26,0.09593827975126219,,-0.00025580717308937295,1.1992284968907774,,0.0025580717308937295,BREACH
2023-04-27,0.09478989613376586,,0.0,1.1848737016720732,,0.0,BREACH
2023-04-28,0.09436621704281814,,-0.002708994671818399,1.1795777130352267,,0.027089946718183988,BREACH
2023-05-01,0.09419379432773614,,-0.002801477550417708,1.1774224290967017,,0.02801477550417708,BREACH
2023-05-02,0.09415035110872824,,-0.0006518065040420629,1.176879388859103,,0.006518065040420629,BREACH
2023-05-03,0.0939996428261641,,0.0,1.1749955353270514,,0.0,BREACH
2023-05-04,0.09644506115790709,,0.0,1.2055632644738385,,0.0,BREACH
2023-05-05,0.09651104580788486,,-0.0022489410900650153,1.2063880725985607,,0.022489410900650153,BREACH
2023-05-08,0.09671119395400839,,-0.004527390186415792,1.2088899244251048,,0.04527390186415792,BREACH
2023-05-09,0.09697518775827639,,-0.010589391176405671,1.2121898469784549,,0.10589391176405671,BREACH
2023-05-10,0.09678826319166804,,-0.01086252476385352,1.2098532898958505,,0.1086252476385352,BREACH
2023-05-11,0.09679105784849468,,-0.013010479595218838,1.2098882231061834,,0.13010479595218838,BREACH
2023-05-12,0.09801479395367066,,-0.004021319418809122,1.2251849244208832,,0.04021319418809122,BREACH
2023-05-15,0.09788482785844375,,-0.008313263850727726,1.2235603482305468,,0.08313263850727726,BREACH
2023-05-16,0.09758085844344287,,-0.010909701881711364,1.2197607305430358,,0.10909701881711364,BREACH
2023-05-17,0.09550354629818616,,-0.00881034432306882,1.193794328727327,,0.0881034432306882,BREACH
2023-05-18,0.09606512758463408,,-0.0017581369920710577,1.200814094807926,,0.017581369920710577,BREACH
2023-05-19,0.09829797289289188,,0.0,1.2287246611611484,,0.0,BREACH
2023-05-22,0.09875279848733622,,-0.003632459507679542,1.2344099810917026,,0.03632459507679542,BREACH
2023-05-23,0.09973174028759516,,-0.009609151665446625,1.2466467535949395,,0.09609151665446625,BREACH
2023-05-24,0.0984932177804969,,-0.005565531870896923,1.2311652222562113,,0.055655318708969226,BREACH
2023-05-25,0.09767158258708493,,-0.00382570813320926,1.2208947823385616,,0.0382570813320926,BREACH
2023-05-26,0.09471342742267122,,0.0,1.1839178427833903,,0.0,BREACH
2023-05-29,0.09467321902786018,,0.0,1.183415237848252,,0.0,BREACH
2023-05-30,0.09446542239146997,,0.0,1.1808177798933746,,0.0,BREACH
2023-05-31,0.0949952701441858,,0.0,1.1874408768023224,,0.0,BREACH
2023-06-01,0.09543415440523569,,0.0,1.1929269300654461,,0.0,BREACH
2023-06-02,0.0949270221819487,,0.0,1.1865877772743587,,0.0,BREACH
2023-06-05,0.09439737976011388,,0.0,1.1799672470014235,,0.0,BREACH
2023-06-06,0.09441954101616133,,0.0,1.1802442627020167,,0.0,BREACH
2023-06-07,0.09405032608039977,,0.0,1.1756290760049972,,0.0,BREACH
2023-06-08,0.09182721026315363,,0.0,1.1478401282894204,,0.0,BREACH
2023-06-09,0.09382788803832633,,0.0,1.172848600479079,,0.0,BREACH
2023-06-12,0.09350283949171372,,-0.0004533794623254872,1.1687854936464215,,0.004533794623254872,BREACH
2023-06-13,0.09314259974649274,,0.0,1.1642824968311591,,0.0,BREACH
2023-06-14,0.09354941422090378,,0.0,1.1693676777612971,,0.0,BREACH
2023-06-15,0.09387902609749023,,-0.007904963217062244,1.173487826218628,,0.07904963217062244,BREACH
2023-06-16,0.09398218926857116,,-0.002546852281334,1.1747773658571394,,0.02546852281334,BREACH
2023-06-19,0.09399310734834562,,-0.0013893964200123454,1.1749138418543204,,0.013893964200123454,BREACH
2023-06-20,0.09345603125081225,,0.0,1.1682003906351532,,0.0,BREACH
2023-06-21,0.0935854573401177,,0.0,1.1698182167514712,,0.0,BREACH
2023-06-22,0.09343221499270163,,0.0,1.1679026874087703,,0.0,BREACH
2023-06-23,0.09295660344330586,,-0.004112023843518053,1.1619575430413234,,0.041120238435180534,BREACH
2023-06-26,0.09383321480975962,,-0.008385641746532002,1.1729151851219952,,0.08385641746532002,BREACH
2023-06-27,0.09515206201260205,,0.0,1.1894007751575257,,0.0,BREACH
2023-06-28,0.09506209783476897,,0.0,1.1882762229346122,,0.0,BREACH
2023-06-29,0.09585349867858123,,0.0,1.1981687334822653,,0.0,BREACH
2023-06-30,0.09051498323200124,,-0.000250566651464168,1.1314372904000156,,0.00250566651464168,BREACH
2023-07-03,0.09022061148130323,,-0.0015467718123904906,1.1277576435162904,,0.015467718123904906,BREACH
2023-07-04,0.09087982117435509,,-0.0051944855087324715,1.1359977646794386,,0.051944855087324715,BREACH
2023-07-05,0.09189756395730718,,0.0,1.1487195494663398,,0.0,BREACH
2023-07-06,0.0921078197940691,,-0.004650635396816427,1.1513477474258638,,0.04650635396816427,BREACH
2023-07-07,0.09173895357384482,,-0.0018316076944652204,1.1467369196730601,,0.018316076944652204,BREACH
2023-07-10,0.08996103829278865,,-0.0012626861270855771,1.124512978659858,,0.012626861270855771,BREACH
2023-07-11,0.08998543857593935,,0.0,1.124817982199242,,0.0,BREACH
2023-07-12,0.09084837316440056,,-0.004239892936244605,1.1356046645550069,,0.04239892936244605,BREACH
2023-07-13,0.08688411862318143,,-0.0037541637761117075,1.0860514827897678,,0.037541637761117075,BREACH
2023-07-14,0.0877850475241098,,0.0,1.0973130940513725,,0.0,BREACH
2023-07-17,0.0898026776671592,,-0.008183424362290692,1.12253347083949,,0.08183424362290692,BREACH
2023-07-18,0.08975815088257504,,-0.006186910345197916,1.121976886032188,,0.06186910345197916,BREACH
2023-07-19,0.08977548648307435,,-0.005176500266948159,1.1221935810384294,,0.051765002669481586,BREACH
2023-07-20,0.08383161724340653,,-0.00383540621415257,1.0478952155425816,,0.0383540621415257,BREACH
2023-07-21,0.08480507638904566,,-0.00926360397291981,1.0600634548630707,,0.0926360397291981,BREACH
2023-07-24,0.08327020089014775,,-0.010997458458652853,1.040877511126847,,0.10997458458652853,BREACH
2023-07-25,0.08337732793965921,,-0.00697806600956985,1.0422165992457402,,0.0697806600956985,BREACH
2023-07-26,0.0830108333408308,,-0.002240031279615029,1.037635416760385,,0.02240031279615029,BREACH
2023-07-27,0.08395781027845366,,-0.006769313309253011,1.0494726284806706,,0.06769313309253011,BREACH
2023-07-28,0.08443432592666318,,-0.00921292940460805,1.0554290740832897,,0.0921292940460805,BREACH
2023-07-31,0.08594179589643379,,0.0,1.0742724487054223,,0.0,BREACH
2023-08-01,0.08531485991593307,,-0.006583720485659916,1.0664357489491634,,0.06583720485659916,BREACH
2023-08-02,0.08798829318346685,,-0.016224591262195664,1.0998536647933357,,0.16224591262195664,BREACH
2023-08-03,0.0876639808862155,,-0.01574381020871818,1.0957997610776937,,0.15743810208718179,BREACH
2023-08-04,0.08645855568759346,,-0.017014393468886113,1.0807319460949183,,0.17014393468886113,BREACH
2023-08-07,0.08695215021071628,,-0.02025197475595486,1.0869018776339536,,0.2025197475595486,BREACH
2023-08-08,0.08660698651139652,,-0.019120062905649382,1.0825873313924566,,0.19120062905649382,BREACH
2023-08-09,0.08631938141414364,,-0.011051207566242893,1.0789922676767953,,0.11051207566242893,BREACH
2023-08-10,0.0856556628766429,,-0.012220043160650396,1.0706957859580364,,0.12220043160650396,BREACH
2023-08-11,0.08827743323124419,,-0.02183183453038373,1.1034679153905524,,0.2183183453038373,BREACH
2023-08-14,0.08899991326772264,,-0.014664732427432825,1.1124989158465328,,0.14664732427432825,BREACH
2023-08-15,0.08841092777259321,,-0.014937147083697422,1.1051365971574152,,0.14937147083697422,BREACH
2023-08-16,0.08623205836154989,,-0.011626672259549165,1.0779007295193737,,0.11626672259549165,BREACH
2023-08-17,0.08861801370135965,,0.0,1.1077251712669955,,0.0,BREACH
2023-08-18,0.08914815933795019,,-0.007373161752345814,1.1143519917243774,,0.07373161752345814,BREACH
2023-08-21,0.08970201386179275,,-0.011164101612372579,1.1212751732724093,,0.11164101612372579,BREACH
2023-08-22,0.0897892966087446,,-0.01153491442210941,1.1223662076093075,,0.1153491442210941,BREACH
2023-08-23,0.08927792565884267,,-0.008850207592244641,1.1159740707355332,,0.08850207592244641,BREACH
2023-08-24,0.0900635140255922,,-0.0012359871686692392,1.1257939253199025,,0.012359871686692392,BREACH
2023-08-25,0.09027633120701938,,-0.0030230755451855496,1.1284541400877421,,0.030230755451855496,BREACH
2023-08-28,0.08892790421287222,,-0.003735490075285064,1.1115988026609027,,0.03735490075285064,BREACH
2023-08-29,0.0905313811991009,,-0.012143135019320628,1.1316422649887612,,0.12143135019320628,BREACH
2023-08-30,0.09030717426624629,,-0.008761824092462733,1.1288396783280787,,0.08761824092462733,BREACH
2023-08-31,0.09041077448533726,,-0.009954812230730914,1.1301346810667157,,0.09954812230730914,BREACH
2023-09-01,0.09097406691619217,,-0.003802626752422378,1.137175836452402,,0.03802626752422378,BREACH
2023-09-04,0.09062279950483133,,-0.00013510671137662023,1.1327849938103915,,0.0013510671137662023,BREACH
2023-09-05,0.09017648960477471,,0.0,1.127206120059684,,0.0,BREACH
2023-09-06,0.08693511023604765,,0.0,1.0866888779505957,,0.0,BREACH
2023-09-07,0.08781070743145322,,0.0,1.0976338428931653,,0.0,BREACH
2023-09-08,0.08786228873829087,,0.0,1.0982786092286358,,0.0,BREACH
2023-09-11,0.0929324615447435,,0.0,1.1616557693092937,,0.0,BREACH
2023-09-12,0.09108012052462075,,0.0,1.1385015065577593,,0.0,BREACH
2023-09-13,0.09072464190975804,,0.0,1.1340580238719755,,0.0,BREACH
2023-09-14,0.09113410983260378,,-0.0029445989175099774,1.1391763729075473,,0.029445989175099774,BREACH
2023-09-15,0.09257999756270957,,0.0,1.1572499695338696,,0.0,BREACH
2023-09-18,0.09292209301058102,,-0.0037119693382379193,1.1615261626322628,,0.03711969338237919,BREACH
2023-09-19,0.0951923306815114,,0.0,1.1899041335188925,,0.0,BREACH
2023-09-20,0.09460000672741607,,-0.00031730133620055945,1.182500084092701,,0.0031730133620055945,BREACH
2023-09-21,0.09532205146455494,,-0.007035054624074388,1.1915256433069368,,0.07035054624074388,BREACH
2023-09-22,0.09341676386097107,,-0.009489596571159109,1.1677095482621385,,0.09489596571159109,BREACH
2023-09-25,0.09592449230884485,,-0.01910140135803373,1.1990561538605606,,0.19101401358033732,BREACH
2023-09-26,0.09474988765831681,,-0.015718107629515976,1.18437359572896,,0.15718107629515976,BREACH
2023-09-27,0.09471837577430521,,-0.014729637848688526,1.183979697178815,,0.14729637848688526,BREACH
2023-09-28,0.0947306059634616,,-0.016127656348176478,1.18413257454327,,0.16127656348176478,BREACH
2023-09-29,0.09821942193812676,,-0.02867448752095325,1.2277427742265845,,0.2867448752095325,BREACH
2023-10-02,0.09644140025956541,,-0.028900325388804493,1.2055175032445675,,0.28900325388804493,BREACH
2023-10-03,0.09808943359401515,,-0.03832586098555213,1.2261179199251893,,0.3832586098555213,BREACH
2023-10-04,0.10001335470642704,,-0.04744153582655619,1.250166933830338,,0.4744153582655619,BREACH
2023-10-05,0.10047158804298387,,-0.04250695287929562,1.2558948505372982,,0.42506952879295623,BREACH
2023-10-06,0.10002675967446402,,-0.038052992602991,1.2503344959308003,,0.38052992602991,BREACH
2023-10-09,0.09977469258450583,,-0.04059626812087114,1.2471836573063229,,0.4059626812087114,BREACH
2023-10-10,0.10011059368576623,,-0.0440933722965724,1.2513824210720779,,0.440933722965724,BREACH
2023-10-11,0.09862337992816392,,-0.04287183331859257,1.2327922491020489,,0.42871833318592567,BREACH
2023-10-12,0.09768363093237632,,-0.03745909298366956,1.221045386654704,,0.3745909298366956,BREACH
2023-10-13,0.09775534025402298,,-0.03935585605316938,1.2219417531752872,,0.3935585605316938,BREACH
2023-10-16,0.0979029620366504,,-0.036313514030400174,1.22378702545813,,0.36313514030400174,BREACH
2023-10-17,0.09792461217455412,,-0.03456586932634775,1.2240576521819264,,0.34565869326347753,BREACH
2023-10-18,0.09718993522091136,,-0.0335299770683638,1.214874190261392,,0.33529977068363803,BREACH
2023-10-19,0.09724507449812375,,-0.03017358217422672,1.2155634312265469,,0.3017358217422672,BREACH
2023-10-20,0.09707689064428383,,-0.027690310237453497,1.2134611330535479,,0.27690310237453497,BREACH
2023-10-23,0.0968637705729909,,-0.02450025733373984,1.2107971321623863,,0.2450025733373984,BREACH
2023-10-24,0.09630228149125787,,-0.024253681524035953,1.2037785186407233,,0.24253681524035953,BREACH
2023-10-25,0.0961122868499395,,-0.024534644524532356,1.2014035856242438,,0.24534644524532356,BREACH
2023-10-26,0.09372870417886518,,-0.02644709745606555,1.1716088022358147,,0.2644709745606555,BREACH
2023-10-27,0.09262185441346296,,-0.025363368587767665,1.157773180168287,,0.25363368587767665,BREACH
2023-10-30,0.0913214103900064,,-0.01768091023341989,1.14151762987508,,0.1768091023341989,BREACH
2023-10-31,0.09179371849719203,,-0.012202495105949729,1.1474214812149004,,0.12202495105949729,BREACH
2023-11-01,0.0928528888563527,,-0.01847008806529349,1.1606611107044087,,0.18470088065293488,BREACH
2023-11-02,0.09249979576465453,,-0.01619592180829521,1.1562474470581816,,0.1619592180829521,BREACH
2023-11-03,0.09276404371452171,,-0.011777752244000905,1.1595505464315214,,0.11777752244000905,BREACH
2023-11-06,0.09211912095876365,,-0.006074923310274483,1.1514890119845456,,0.060749233102744826,BREACH
2023-11-07,0.09319996760640095,,0.0,1.1649995950800118,,0.0,BREACH
2023-11-08,0.09352139567327153,,-0.010389151532732899,1.1690174459158942,,0.10389151532732899,BREACH
2023-11-09,0.09319306213206173,,-0.004493822090886113,1.1649132766507715,,0.044938220908861126,BREACH
2023-11-10,0.09367432824846408,,-0.008279324062344107,1.1709291031058011,,0.08279324062344107,BREACH
2023-11-13,0.09368166943530765,,-0.004874349650249021,1.1710208679413456,,0.04874349650249021,BREACH
2023-11-14,0.09161760796639097,,0.0,1.1452200995798871,,0.0,BREACH
2023-11-15,0.09025732734540365,,0.0,1.1282165918175455,,0.0,BREACH
2023-11-16,0.09085034874072617,,-0.005995955954335219,1.1356293592590772,,0.05995955954335219,BREACH
2023-11-17,0.09104686570165446,,-0.0014895559846191953,1.1380858212706808,,0.014895559846191953,BREACH
2023-11-20,0.09117216294609795,,0.0,1.1396520368262244,,0.0,BREACH
2023-11-21,0.09142478300315096,,0.0,1.142809787539387,,0.0,BREACH
2023-11-22,0.09161285874678055,,-0.0029587662544107163,1.1451607343347567,,0.029587662544107163,BREACH
2023-11-23,0.09281155564531232,,0.0,1.160144445566404,,0.0,BREACH
2023-11-24,0.09083108120753092,,-0.0014263855890865873,1.1353885150941365,,0.014263855890865873,BREACH
2023-11-27,0.09104180106374107,,0.0,1.1380225132967634,,0.0,BREACH
2023-11-28,0.09092379695648567,,0.0,1.136547461956071,,0.0,BREACH
2023-11-29,0.09192497941807877,,-0.0067857372983782804,1.1490622427259847,,0.0678573729837828,BREACH
2023-11-30,0.09187117410011289,,-0.0037198776572194836,1.1483896762514112,,0.037198776572194836,BREACH
2023-12-01,0.09120090374582572,,-0.003519671886987763,1.1400112968228215,,0.03519671886987763,BREACH
2023-12-04,0.09121345006163535,,-0.004407949346479256,1.140168125770442,,0.04407949346479256,BREACH
2023-12-05,0.09090830342365767,,-0.008371458880885085,1.1363537927957208,,0.08371458880885085,BREACH
2023-12-06,0.09242436831872654,,0.0,1.1553046039840817,,0.0,BREACH
2023-12-07,0.08877014074889394,,0.0,1.1096267593611744,,0.0,BREACH
2023-12-08,0.0892276327685095,,0.0,1.1153454096063686,,0.0,BREACH
2023-12-11,0.08996879932512183,,-0.004725091449252816,1.1246099915640229,,0.04725091449252816,BREACH
2023-12-12,0.08962885985860869,,-0.004328431591093529,1.1203607482326086,,0.04328431591093529,BREACH
2023-12-13,0.08795883401054144,,-0.0029423566205307727,1.099485425131768,,0.029423566205307727,BREACH
2023-12-14,0.08888836972440303,,-0.009900280368032144,1.111104621555038,,0.09900280368032144,BREACH
2023-12-15,0.0864052382223128,,-0.0036979437203136234,1.08006547777891,,0.036979437203136234,BREACH
2023-12-18,0.087490301892737,,-0.009886094163569004,1.0936287736592125,,0.09886094163569004,BREACH
2023-12-19,0.08641261706825756,,-0.012098708721323237,1.0801577133532194,,0.12098708721323237,BREACH
2023-12-20,0.08681125532450364,,-0.006164192422778325,1.0851406915562953,,0.06164192422778325,BREACH
2023-12-21,0.08427877453557238,-0.008030270732415086,-0.0026692948354778423,1.0534846816946548,0.4015135366207543,0.026692948354778423,BREACH
2023-12-22,0.08655072438165577,-0.008030270732415086,0.0,1.0818840547706972,0.4015135366207543,0.0,BREACH
2023-12-25,0.09009262196043315,-0.008298509619129906,-0.01133977013033216,1.1261577745054143,0.4149254809564953,0.11339770130332161,BREACH
2023-12-26,0.09236137733197089,-0.008794623889755196,-0.020683038861998515,1.154517216649636,0.4397311944877598,0.20683038861998515,BREACH
2023-12-27,0.08859592472313256,-0.008794623889755196,-0.015213316015087908,1.107449059039157,0.4397311944877598,0.15213316015087908,BREACH
2023-12-28,0.08864110278187759,-0.008794623889755196,-0.012124535576118367,1.10801378477347,0.4397311944877598,0.12124535576118367,BREACH
2023-12-29,0.08758181256170339,-0.008794623889755196,-0.002176279312213647,1.0947726570212923,0.4397311944877598,0.02176279312213647,BREACH
2024-01-01,0.0847504065398375,-0.008794623889755196,-0.0020732555701699074,1.0593800817479686,0.4397311944877598,0.020732555701699074,BREACH
2024-01-02,0.08447322193201036,-0.008794623889755196,0.0,1.0559152741501294,0.4397311944877598,0.0,BREACH
2024-01-03,0.08429914010506248,-0.008794623889755196,0.0,1.053739251313281,0.4397311944877598,0.0,BREACH
2024-01-04,0.08841153655275161,-0.009328683080368098,-0.012379739145856883,1.105144206909395,0.46643415401840493,0.12379739145856883,BREACH
2024-01-05,0.08783833378098739,-0.009328683080368098,-0.010010247874626121,1.0979791722623424,0.46643415401840493,0.10010247874626121,BREACH
2024-01-08,0.08786981903408414,-0.009328683080368098,-0.00735857143558849,1.0983727379260517,0.46643415401840493,0.0735857143558849,BREACH
2024-01-09,0.09147700305627239,-0.009463272906741609,-0.019233061882739322,1.143462538203405,0.47316364533708044,0.19233061882739322,BREACH
2024-01-10,0.09462248353277658,-0.009463272906741609,-0.005698083469056536,1.1827810441597073,0.47316364533708044,0.05698083469056536,BREACH
2024-01-11,0.09458564433334932,-0.009463272906741609,-0.003162874910757618,1.1823205541668664,0.47316364533708044,0.03162874910757618,BREACH
2024-01-12,0.09512414782331044,-0.009463272906741609,-0.006758941017742548,1.1890518477913805,0.47316364533708044,0.06758941017742548,BREACH
2024-01-15,0.09517587504826978,-0.009463272906741609,-0.0037968209732465175,1.1896984381033722,0.47316364533708044,0.037968209732465175,BREACH
2024-01-16,0.09578633848904193,-0.009463272906741609,0.0,1.1973292311130241,0.47316364533708044,0.0,BREACH
2024-01-17,0.0961747513116768,-0.009463272906741609,-0.003008505259134542,1.20218439139596,0.47316364533708044,0.030085052591345418,BREACH
2024-01-18,0.09610772523373377,-0.009463272906741609,-0.002379010569983353,1.2013465654216722,0.47316364533708044,0.02379010569983353,BREACH
2024-01-19,0.09645711784949715,-0.009463272906741609,-0.005264481893893613,1.2057139731187143,0.47316364533708044,0.05264481893893613,BREACH
2024-01-22,0.09681890235623451,-0.009463272906741609,-0.008412390705657469,1.2102362794529313,0.47316364533708044,0.08412390705657469,BREACH
2024-01-23,0.09743525148073322,-0.009463272906741609,-0.0008187716331206074,1.217940643509165,0.47316364533708044,0.008187716331206074,BREACH
2024-01-24,0.09753379572932147,-0.009463272906741609,0.0,1.2191724466165184,0.47316364533708044,0.0,BREACH
2024-01-25,0.09746422355008798,-0.009463272906741609,-0.004959430009432775,1.2183027943760998,0.47316364533708044,0.04959430009432775,BREACH
2024-01-26,0.09723154637299604,-0.009463272906741609,-0.0009581867252455023,1.2153943296624505,0.47316364533708044,0.009581867252455023,BREACH
2024-01-29,0.10165226187212063,-0.009580181228240885,-0.016309811154938236,1.270653273401508,0.47900906141204425,0.16309811154938236,BREACH
2024-01-30,0.10224149171539276,-0.009580181228240885,-0.00975021191876535,1.2780186464424095,0.47900906141204425,0.0975021191876535,BREACH
2024-01-31,0.10327296164225258,-0.009580181228240885,-0.016646442121216243,1.2909120205281572,0.47900906141204425,0.16646442121216243,BREACH
2024-02-01,0.103103989324769,-0.009580181228240885,-0.01194483441604266,1.2887998665596125,0.47900906141204425,0.1194483441604266,BREACH
2024-02-02,0.10433823318206555,-0.009704283841860194,-0.022076846242240156,1.3042279147758193,0.4852141920930097,0.22076846242240156,BREACH
2024-02-05,0.10192177686491787,-0.009704283841860194,-0.020349276943063987,1.2740222108114734,0.4852141920930097,0.20349276943063987,BREACH
2024-02-06,0.10140358896318391,-0.009704283841860194,-0.020500657229222563,1.2675448620397989,0.4852141920930097,0.20500657229222563,BREACH
2024-02-07,0.10128027724609596,-0.009704283841860194,-0.02350346957107219,1.2660034655761996,0.4852141920930097,0.23503469571072189,BREACH
2024-02-08,0.10156717872914425,-0.009704283841860194,-0.01823738772906891,1.2695897341143032,0.4852141920930097,0.1823738772906891,BREACH
2024-02-09,0.10047103037841976,-0.009704283841860194,-0.01803327950510758,1.2558878797302468,0.4852141920930097,0.1803327950510758,BREACH
2024-02-12,0.10019937389669885,-0.009704283841860194,-0.016725416281151984,1.2524921737087356,0.4852141920930097,0.16725416281151984,BREACH
2024-02-13,0.09929827766741296,-0.009704283841860194,-0.016006358590642256,1.241228470842662,0.4852141920930097,0.16006358590642256,BREACH
2024-02-14,0.10059997497602571,-0.009704283841860194,-0.02418001856077412,1.2574996872003215,0.4852141920930097,0.2418001856077412,BREACH
2024-02-15,0.10063809228391071,-0.009704283841860194,-0.019996508038819805,1.2579761535488838,0.4852141920930097,0.19996508038819805,BREACH
2024-02-16,0.09931577878670221,-0.009704283841860194,-0.019485382123265116,1.2414472348337775,0.4852141920930097,0.19485382123265116,BREACH
2024-02-19,0.09991961878006336,-0.009704283841860194,-0.025382241433292374,1.248995234750792,0.4852141920930097,0.25382241433292374,BREACH
2024-02-20,0.09873338008939275,-0.009704283841860194,-0.029327274962110184,1.2341672511174093,0.4852141920930097,0.29327274962110184,BREACH
2024-02-21,0.10093453641508282,-0.009704283841860194,-0.01889052809463254,1.2616817051885352,0.4852141920930097,0.18890528094632542,BREACH
2024-02-22,0.10116068510320833,-0.009704283841860194,-0.012821762223972688,1.2645085637901041,0.4852141920930097,0.12821762223972688,BREACH
2024-02-23,0.10120229243995367,-0.009704283841860194,-0.011022169624041567,1.2650286554994208,0.4852141920930097,0.11022169624041567,BREACH
2024-02-26,0.10018155790671703,-0.009704283841860194,-0.01172015903804835,1.2522694738339628,0.4852141920930097,0.1172015903804835,BREACH
2024-02-27,0.1003001339484802,-0.009704283841860194,-0.014877204537656619,1.2537516743560024,0.4852141920930097,0.1487720453765662,BREACH
2024-02-28,0.1013094293336654,-0.009580181228240885,-0.007490033442558053,1.2663678666708174,0.47900906141204425,0.07490033442558053,BREACH
2024-02-29,0.10177010244633641,-0.009580181228240885,-0.001999395609122878,1.272126280579205,0.47900906141204425,0.01999395609122878,BREACH
2024-03-01,0.10179753194114931,-0.009580181228240885,0.0,1.2724691492643663,0.47900906141204425,0.0,BREACH
2024-03-04,0.10054083483665154,-0.009580181228240885,0.0,1.256760435458144,0.47900906141204425,0.0,BREACH
2024-03-05,0.09840561483153291,-0.009580181228240885,0.0,1.2300701853941614,0.47900906141204425,0.0,BREACH
2024-03-06,0.09790385894247772,-0.009580181228240885,0.0,1.2237982367809714,0.47900906141204425,0.0,BREACH
2024-03-07,0.09756733188894104,-0.009580181228240885,-0.0028156613383725215,1.219591648611763,0.47900906141204425,0.028156613383725215,BREACH
2024-03-08,0.09758873783070537,-0.009580181228240885,-0.0013102596331852068,1.2198592228838172,0.47900906141204425,0.013102596331852068,BREACH
2024-03-11,0.09757578040881326,-0.009580181228240885,-0.0012587762196648589,1.2196972551101657,0.47900906141204425,0.012587762196648589,BREACH
2024-03-12,0.09665014051920562,-0.009580181228240885,0.0,1.2081267564900702,0.47900906141204425,0.0,BREACH
2024-03-13,0.09646039825325618,-0.009580181228240885,0.0,1.2057549781657022,0.47900906141204425,0.0,BREACH
2024-03-14,0.0961086671713058,-0.009580181228240885,0.0,1.2013583396413225,0.47900906141204425,0.0,BREACH
2024-03-15,0.09596053078882352,-0.009580181228240885,0.0,1.199506634860294,0.47900906141204425,0.0,BREACH
2024-03-18,0.09558226111712936,-0.009580181228240885,0.0,1.1947782639641171,0.47900906141204425,0.0,BREACH
2024-03-19,0.09803457370482122,-0.009704283841860194,-0.010380371014010903,1.2254321713102652,0.4852141920930097,0.10380371014010903,BREACH
2024-03-20,0.09685498706961565,-0.009704283841860194,-0.0024749384398849994,1.2106873383701957,0.4852141920930097,0.024749384398849994,BREACH
2024-03-21,0.09379857452210145,-0.009704283841860194,-0.00034425966241147243,1.1724821815262683,0.4852141920930097,0.0034425966241147243,BREACH
2024-03-22,0.0918908715915366,-0.009704283841860194,0.0,1.1486358948942075,0.4852141920930097,0.0,BREACH
2024-03-25,0.09705303076424614,-0.009705339861673021,-0.015288712539230476,1.2131628845530766,0.48526699308365107,0.15288712539230476,BREACH
2024-03-26,0.09916997397700758,-0.009705339861673021,-0.004287943669067706,1.2396246747125947,0.48526699308365107,0.042879436690677064,BREACH
2024-03-27,0.09740855981193075,-0.009705339861673021,-0.002556461422906109,1.2176069976491344,0.48526699308365107,0.02556461422906109,BREACH
2024-03-28,0.09746478789537498,-0.009705339861673021,-5.496243637403975e-05,1.2183098486921873,0.48526699308365107,0.0005496243637403975,BREACH
2024-03-29,0.09745448481880263,-0.009705339861673021,0.0,1.218181060235033,0.48526699308365107,0.0,BREACH
2024-04-01,0.09747550802799729,-0.009705339861673021,-0.00045241046859600953,1.2184438503499662,0.48526699308365107,0.004524104685960095,BREACH
2024-04-02,0.09589961621074992,-0.009705339861673021,-0.009577807553638462,1.1987452026343741,0.48526699308365107,0.09577807553638462,BREACH
2024-04-03,0.09585599145845447,-0.009704283841860194,-0.008083150169710396,1.1981998932306808,0.4852141920930097,0.08083150169710396,BREACH
2024-04-04,0.0986596676190782,-0.009704283841860194,0.0,1.2332458452384774,0.4852141920930097,0.0,BREACH
2024-04-05,0.09510695259368827,-0.009704283841860194,0.0,1.1888369074211034,0.4852141920930097,0.0,BREACH
2024-04-08,0.09169060590523989,-0.009704283841860194,0.0,1.1461325738154986,0.4852141920930097,0.0,BREACH
2024-04-09,0.09192106515519671,-0.009704283841860194,0.0,1.1490133144399588,0.4852141920930097,0.0,BREACH
2024-04-10,0.09150510367876738,-0.009580181228240885,-0.0006487157650716391,1.1438137959845922,0.47900906141204425,0.006487157650716391,BREACH
2024-04-11,0.09142245378745532,-0.009580181228240885,0.0,1.1427806723431915,0.47900906141204425,0.0,BREACH
2024-04-12,0.0905700775426231,-0.009580181228240885,0.0,1.1321259692827887,0.47900906141204425,0.0,BREACH
2024-04-15,0.09518275512498724,-0.009580181228240885,0.0,1.1897844390623404,0.47900906141204425,0.0,BREACH
2024-04-16,0.09525894220238572,-0.009580181228240885,-0.000749272679383961,1.1907367775298214,0.47900906141204425,0.00749272679383961,BREACH
2024-04-17,0.09500196837017251,-0.009580181228240885,-0.0017533284767835555,1.1875246046271564,0.47900906141204425,0.017533284767835555,BREACH
2024-04-18,0.09476133239170804,-0.009580181228240885,0.0,1.1845166548963506,0.47900906141204425,0.0,BREACH
2024-04-19,0.09490412230797705,-0.009580181228240885,0.0,1.1863015288497132,0.47900906141204425,0.0,BREACH
2024-04-22,0.09502600606408765,-0.009580181228240885,0.0,1.1878250758010955,0.47900906141204425,0.0,BREACH
2024-04-23,0.09415940893490157,-0.009580181228240885,0.0,1.1769926116862697,0.47900906141204425,0.0,BREACH
2024-04-24,0.09474328951378565,-0.009580181228240885,-0.00440581695907305,1.1842911189223206,0.47900906141204425,0.0440581695907305,BREACH
2024-04-25,0.0894187039008796,-0.009580181228240885,0.0,1.117733798760995,0.47900906141204425,0.0,BREACH
2024-04-26,0.09093573254097713,-0.009580181228240885,-0.00803094043486452,1.136696656762214,0.47900906141204425,0.0803094043486452,BREACH
2024-04-29,0.08942488871294205,-0.009580181228240885,-0.008784856408601938,1.1178111089117755,0.47900906141204425,0.08784856408601938,BREACH
2024-04-30,0.08957931887844015,-0.009580181228240885,-0.011397128528790823,1.1197414859805017,0.47900906141204425,0.11397128528790823,BREACH
2024-05-01,0.0870039011816729,-0.009580181228240885,-0.01501366968977813,1.0875487647709112,0.47900906141204425,0.1501366968977813,BREACH
2024-05-02,0.08717585929064636,-0.009580181228240885,-0.01616509200988192,1.0896982411330796,0.47900906141204425,0.1616509200988192,BREACH
2024-05-03,0.08716696719104408,-0.009580181228240885,-0.016201835022334077,1.089587089888051,0.47900906141204425,0.16201835022334077,BREACH
2024-05-06,0.08667150749743606,-0.009580181228240885,-0.014084010346423148,1.0833938437179507,0.47900906141204425,0.14084010346423148,BREACH
2024-05-07,0.08734202177632193,-0.009580181228240885,-0.006018870605037252,1.0917752722040241,0.47900906141204425,0.06018870605037252,BREACH
2024-05-08,0.08796073057133176,-0.009580181228240885,0.0,1.099509132141647,0.47900906141204425,0.0,BREACH
2024-05-09,0.08795921804714918,-0.009580181228240885,0.0,1.0994902255893648,0.47900906141204425,0.0,BREACH
2024-05-10,0.08806759420209426,-0.009580181228240885,0.0,1.1008449275261782,0.47900906141204425,0.0,BREACH
2024-05-13,0.08602248102617219,-0.009580181228240885,0.0,1.0752810128271524,0.47900906141204425,0.0,BREACH
2024-05-14,0.08899063419020226,-0.009647442589114456,-0.009601257692820164,1.112382927377528,0.4823721294557228,0.09601257692820164,BREACH
2024-05-15,0.08895066338101146,-0.009647442589114456,-0.0077572155948097965,1.1118832922626432,0.4823721294557228,0.07757215594809796,BREACH
2024-05-16,0.08755152012093623,-0.009647442589114456,-0.004318857302392787,1.0943940015117029,0.4823721294557228,0.04318857302392787,BREACH
2024-05-17,0.08689261279336105,-0.009647442589114456,-0.00522818912168066,1.086157659917013,0.4823721294557228,0.0522818912168066,BREACH
2024-05-20,0.08525175491906,-0.009647442589114456,-0.0006031431403566989,1.06564693648825,0.4823721294557228,0.006031431403566989,BREACH
2024-05-21,0.084840505912587,-0.009647442589114456,0.0,1.0605063239073376,0.4823721294557228,0.0,BREACH
2024-05-22,0.08513354158505712,-0.009647442589114456,0.0,1.064169269813214,0.4823721294557228,0.0,BREACH
2024-05-23,0.08552381280815907,-0.009647442589114456,-0.0028932916987371993,1.0690476601019885,0.4823721294557228,0.028932916987371993,BREACH
2024-05-24,0.08489150882864581,-0.009647442589114456,-0.0012869299306699222,1.0611438603580725,0.4823721294557228,0.012869299306699222,BREACH
2024-05-27,0.08453895561497773,-0.009647442589114456,-0.0033968478086945364,1.0567369451872217,0.4823721294557228,0.033968478086945364,BREACH
2024-05-28,0.08592793563921834,-0.009647442589114456,-0.010135246761357575,1.0740991954902293,0.4823721294557228,0.10135246761357575,BREACH
2024-05-29,0.08659224918212081,-0.009647442589114456,-0.0020345819514246966,1.08240311477651,0.4823721294557228,0.020345819514246966,BREACH
2024-05-30,0.08705222874523186,-0.009647442589114456,-0.005681543979845993,1.0881528593153982,0.4823721294557228,0.05681543979845993,BREACH
2024-05-31,0.08795285139880413,-0.009647442589114456,-0.01036352781035299,1.0994106424850516,0.4823721294557228,0.1036352781035299,BREACH
2024-06-03,0.0928157802069171,-0.009704283841860194,-0.023634797096214966,1.1601972525864637,0.4852141920930097,0.23634797096214966,BREACH
2024-06-04,0.09254832199136516,-0.009704283841860194,-0.024430163348116873,1.1568540248920645,0.4852141920930097,0.24430163348116873,BREACH
2024-06-05,0.0936041333770953,-0.009704283841860194,-0.030059551672154683,1.1700516672136914,0.4852141920930097,0.30059551672154683,BREACH
2024-06-06,0.09685976345332883,-0.009704283841860194,-0.016820320858711546,1.2107470431666103,0.4852141920930097,0.16820320858711546,BREACH
2024-06-07,0.09791102745508823,-0.009704283841860194,-0.007974468294813852,1.2238878431886029,0.4852141920930097,0.07974468294813852,BREACH
2024-06-10,0.09786187713608399,-0.009704283841860194,-0.002930916937223027,1.2232734642010499,0.4852141920930097,0.02930916937223027,BREACH
2024-06-11,0.0985624236875873,-0.009704283841860194,0.0,1.2320302960948413,0.4852141920930097,0.0,BREACH
2024-06-12,0.09950563255215963,-0.009704283841860194,0.0,1.2438204069019954,0.4852141920930097,0.0,BREACH
2024-06-13,0.0995245480655514,-0.009704283841860194,-0.0009323177301174823,1.2440568508193925,0.4852141920930097,0.009323177301174823,BREACH
2024-06-14,0.09735600931518036,-0.009704283841860194,-0.0054640977990825235,1.2169501164397545,0.4852141920930097,0.054640977990825235,BREACH
2024-06-17,0.09759268066085135,-0.009704283841860194,0.0,1.2199085082606418,0.4852141920930097,0.0,BREACH
2024-06-18,0.09987151675747413,-0.009704283841860194,-0.009041941688938793,1.2483939594684266,0.4852141920930097,0.09041941688938793,BREACH
2024-06-19,0.10218528798980041,-0.009705339861673021,-0.01919146924142301,1.277316099872505,0.48526699308365107,0.1919146924142301,BREACH
2024-06-20,0.09674577549804693,-0.009705339861673021,-0.020711256000459755,1.2093221937255867,0.48526699308365107,0.20711256000459755,BREACH
2024-06-21,0.09657103726952042,-0.009705339861673021,-0.01019586488284907,1.2071379658690051,0.48526699308365107,0.1019586488284907,BREACH
2024-06-24,0.09693985245538801,-0.009705339861673021,-0.004646790652333088,1.2117481556923502,0.48526699308365107,0.04646790652333088,BREACH
2024-06-25,0.097023278806707,-0.009705339861673021,-0.0009595519704455047,1.2127909850838374,0.48526699308365107,0.009595519704455047,BREACH
2024-06-26,0.09705881358308682,-0.009705339861673021,0.0,1.2132351697885853,0.48526699308365107,0.0,BREACH
2024-06-27,0.09917473774604589,-0.009705339861673021,0.0,1.2396842218255737,0.48526699308365107,0.0,BREACH
2024-06-28,0.09722703360713188,-0.009705339861673021,0.0,1.2153379200891485,0.48526699308365107,0.0,BREACH
2024-07-01,0.09737410161654705,-0.009705339861673021,-0.0007892889605513043,1.217176270206838,0.48526699308365107,0.007892889605513043,BREACH
2024-07-02,0.09531638938818407,-0.009705339861673021,-0.0035057975535534025,1.1914548673523009,0.48526699308365107,0.035057975535534025,BREACH
2024-07-03,0.09533283588250509,-0.009705339861673021,-0.0008130858934999319,1.1916604485313136,0.48526699308365107,0.008130858934999319,BREACH
2024-07-04,0.09785009662583535,-0.009705339861673021,-0.010328763044491707,1.223126207822942,0.48526699308365107,0.10328763044491707,BREACH
2024-07-05,0.09840805966725748,-0.009705339861673021,-0.002881478848751673,1.2301007458407185,0.48526699308365107,0.02881478848751673,BREACH
2024-07-08,0.09880751382197735,-0.009705339861673021,-0.006283102904899307,1.2350939227747169,0.48526699308365107,0.06283102904899307,BREACH
2024-07-09,0.09899576157631174,-0.009705339861673021,-0.007882891055665864,1.2374470197038967,0.48526699308365107,0.07882891055665864,BREACH
2024-07-10,0.10185247184860062,-0.009717139305162551,-0.01836420296764618,1.2731558981075077,0.48585696525812755,0.18364202967646182,BREACH
2024-07-11,0.0972557702785553,-0.009717139305162551,-0.018777842928238586,1.2156971284819411,0.48585696525812755,0.18777842928238586,BREACH
2024-07-12,0.09719336557113299,-0.009717139305162551,-0.017762015266823084,1.2149170696391625,0.48585696525812755,0.17762015266823084,BREACH
2024-07-15,0.09954844347502298,-0.009717139305162551,-0.0059963068036067435,1.2443555434377873,0.48585696525812755,0.059963068036067435,BREACH
2024-07-16,0.09938185260219926,-0.009717139305162551,-0.006072768434637887,1.2422731575274906,0.48585696525812755,0.060727684346378874,BREACH
2024-07-17,0.10064528720508846,-0.009717139305162551,-0.015688538877601244,1.2580660900636058,0.48585696525812755,0.15688538877601244,BREACH
2024-07-18,0.10097088271532459,-0.009717139305162551,-0.020423595956438167,1.2621360339415573,0.48585696525812755,0.20423595956438167,BREACH
2024-07-19,0.10134657947388043,-0.009717139305162551,-0.015469533331563423,1.2668322434235053,0.48585696525812755,0.15469533331563423,BREACH
2024-07-22,0.10179119555011308,-0.009717139305162551,-0.021608348556183654,1.2723899443764135,0.48585696525812755,0.21608348556183654,BREACH
2024-07-23,0.10070396388338212,-0.009717139305162551,-0.0194298985211091,1.2587995485422765,0.48585696525812755,0.194298985211091,BREACH
2024-07-24,0.09916690285463457,-0.009717139305162551,-0.019583482705929356,1.239586285682932,0.48585696525812755,0.19583482705929356,BREACH
2024-07-25,0.10043521893756893,-0.009717139305162551,-0.02675309559748207,1.2554402367196116,0.48585696525812755,0.2675309559748207,BREACH
2024-07-26,0.10023099066077829,-0.009717139305162551,-0.025083844606657024,1.2528873832597285,0.48585696525812755,0.25083844606657024,BREACH
2024-07-29,0.10040987374738247,-0.009717139305162551,-0.029539616161319504,1.2551234218422809,0.48585696525812755,0.29539616161319504,BREACH
2024-07-30,0.10035969023545982,-0.009704859471917288,-0.02985797442174465,1.2544961279432478,0.4852429735958644,0.2985797442174465,BREACH
2024-07-31,0.10052867773236447,-0.009704859471917288,-0.032061994296032736,1.2566084716545558,0.4852429735958644,0.32061994296032736,BREACH
2024-08-01,0.10372320050222819,-0.009947285233704074,-0.04385558547203994,1.2965400062778523,0.49736426168520365,0.4385558547203994,BREACH
2024-08-02,0.10355565994358314,-0.009947285233704074,-0.03658386624359977,1.2944457492947892,0.49736426168520365,0.3658386624359977,BREACH
2024-08-05,0.10267735735857524,-0.009947285233704074,-0.03584145102359093,1.2834669669821903,0.49736426168520365,0.3584145102359093,BREACH
2024-08-06,0.10265868268342812,-0.009947285233704074,-0.03509042799418827,1.2832335335428515,0.49736426168520365,0.35090427994188267,BREACH
2024-08-07,0.10299611279546714,-0.009947285233704074,-0.029290768555842894,1.2874514099433392,0.49736426168520365,0.29290768555842894,BREACH
2024-08-08,0.10307967505655423,-0.009947285233704074,-0.0230110943515055,1.2884959382069279,0.49736426168520365,0.230110943515055,BREACH
2024-08-09,0.10136689595522269,-0.009947285233704074,-0.018645332960879557,1.2670861994402836,0.49736426168520365,0.18645332960879557,BREACH
2024-08-12,0.1013812231292028,-0.009947285233704074,-0.019574684734216974,1.2672652891150349,0.49736426168520365,0.19574684734216974,BREACH
2024-08-13,0.10250182958611022,-0.009947285233704074,-0.011115149029266025,1.2812728698263778,0.49736426168520365,0.11115149029266025,BREACH
2024-08-14,0.10393336738429296,-0.009947285233704074,-0.0018104295971422824,1.299167092303662,0.49736426168520365,0.018104295971422824,BREACH
2024-08-15,0.10364558193576888,-0.009947285233704074,-0.0016121350225287712,1.295569774197111,0.49736426168520365,0.01612135022528771,BREACH
2024-08-16,0.10378685937266158,-0.009947285233704074,0.0,1.2973357421582696,0.49736426168520365,0.0,BREACH
2024-08-19,0.10344735746601534,-0.009947285233704074,-0.001556495224404486,1.2930919683251918,0.49736426168520365,0.01556495224404486,BREACH
2024-08-20,0.1032235341130714,-0.009947285233704074,0.0,1.2902941764133926,0.49736426168520365,0.0,BREACH
2024-08-21,0.1051974948626426,-0.009947285233704074,-0.009473180088776623,1.3149686857830325,0.49736426168520365,0.09473180088776623,BREACH
2024-08-22,0.10746916751694106,-0.009947285233704074,0.0,1.3433645939617633,0.49736426168520365,0.0,BREACH
2024-08-23,0.10648273869250906,-0.009947285233704074,-0.0015165354036046352,1.3310342336563632,0.49736426168520365,0.015165354036046352,BREACH
2024-08-26,0.10710112064175856,-0.009947285233704074,-0.010176753219577228,1.338764008021982,0.49736426168520365,0.10176753219577228,BREACH
2024-08-27,0.10787792357127056,-0.009947285233704074,-0.017216610947713873,1.348474044640882,0.49736426168520365,0.17216610947713873,BREACH
2024-08-28,0.1074230792522691,-0.009947285233704074,-0.018542725887930378,1.3427884906533638,0.49736426168520365,0.18542725887930378,BREACH
2024-08-29,0.10375837086552876,-0.009947285233704074,-0.0206460392540998,1.2969796358191095,0.49736426168520365,0.20646039254099802,BREACH
2024-08-30,0.10481343115931235,-0.009947285233704074,-0.012442798225822171,1.3101678894914044,0.49736426168520365,0.12442798225822171,BREACH
2024-09-02,0.10394704916032371,-0.009947285233704074,-0.010534820802045042,1.2993381145040463,0.49736426168520365,0.10534820802045042,BREACH
2024-09-03,0.10073912144539296,-0.009947285233704074,-0.009211163266506395,1.259239018067412,0.49736426168520365,0.09211163266506395,BREACH
2024-09-04,0.0993662538593468,-0.009947285233704074,-0.008192806002895181,1.2420781732418351,0.49736426168520365,0.08192806002895181,BREACH
2024-09-05,0.09959631442947643,-0.009947285233704074,-0.002019090608417984,1.2449539303684554,0.49736426168520365,0.020190906084179838,BREACH
2024-09-06,0.10138586148211963,-0.010247700053216456,-0.014119878375069783,1.2673232685264952,0.5123850026608228,0.14119878375069783,BREACH
2024-09-09,0.10010816615749538,-0.010247700053216456,-0.012738504285589203,1.251352076968692,0.5123850026608228,0.12738504285589203,BREACH
2024-09-10,0.1002581210396499,-0.010247700053216456,-0.009476404777717273,1.2532265129956237,0.5123850026608228,0.09476404777717273,BREACH
2024-09-11,0.09983900162151703,-0.010247700053216456,-0.007161103687409187,1.2479875202689628,0.5123850026608228,0.07161103687409187,BREACH
2024-09-12,0.09968424399434296,-0.010247700053216456,-0.014816517567390664,1.246053049929287,0.5123850026608228,0.14816517567390664,BREACH
2024-09-13,0.09795503282070207,-0.010247700053216456,-0.016077448681675044,1.224437910258776,0.5123850026608228,0.16077448681675044,BREACH
2024-09-16,0.09589085278521499,-0.010247700053216456,-0.019419875607054826,1.1986356598151873,0.5123850026608228,0.19419875607054826,BREACH
2024-09-17,0.09589337821873418,-0.009947285233704074,-0.016973775687728176,1.1986672277341772,0.49736426168520365,0.16973775687728176,BREACH
2024-09-18,0.0941000849941343,-0.009947285233704074,-0.011914083787704532,1.1762510624266789,0.49736426168520365,0.11914083787704532,BREACH
2024-09-19,0.0946287416623183,-0.009929948223170702,-0.004412924600742496,1.1828592707789787,0.4964974111585351,0.04412924600742496,BREACH
2024-09-20,0.09497417572680689,-0.009929948223170702,-0.00924866301611127,1.1871771965850861,0.4964974111585351,0.09248663016111269,BREACH
2024-09-23,0.0974261336609788,-0.010247700053216456,-0.02013353242628968,1.217826670762235,0.5123850026608228,0.2013353242628968,BREACH
2024-09-24,0.09443600088436505,-0.010247700053216456,-0.019850601953535163,1.180450011054563,0.5123850026608228,0.19850601953535163,BREACH
2024-09-25,0.0990478809408512,-0.010247700053216456,-0.003899342686110918,1.2380985117606398,0.5123850026608228,0.03899342686110918,BREACH
2024-09-26,0.10013185402383605,-0.010247700053216456,-0.01121285591992105,1.2516481752979507,0.5123850026608228,0.1121285591992105,BREACH
2024-09-27,0.10151834861208762,-0.010247700053216456,-0.002548215117151531,1.2689793576510953,0.5123850026608228,0.02548215117151531,BREACH
2024-09-30,0.10244275597183887,-0.010247700053216456,0.0,1.2805344496479858,0.5123850026608228,0.0,BREACH
2024-10-01,0.10131329862541544,-0.010247700053216456,-0.005970338325703373,1.2664162328176929,0.5123850026608228,0.059703383257033726,BREACH
2024-10-02,0.10037626038063363,-0.010247700053216456,-0.0031329875818487674,1.2547032547579204,0.5123850026608228,0.031329875818487674,BREACH
2024-10-03,0.10058634771643558,-0.010247700053216456,0.0,1.2573293464554447,0.5123850026608228,0.0,BREACH
2024-10-04,0.10066974150342897,-0.010247700053216456,-0.0024876844410210985,1.2583717687928622,0.5123850026608228,0.024876844410210985,BREACH
2024-10-07,0.09904812968431709,-0.010247700053216456,-0.008391245842996886,1.2381016210539635,0.5123850026608228,0.08391245842996886,BREACH
2024-10-08,0.09907270088736769,-0.010247700053216456,-0.006657827830163443,1.2384087610920962,0.5123850026608228,0.06657827830163443,BREACH
2024-10-09,0.0995714878895017,-0.010247700053216456,-0.011250752135696374,1.2446435986187712,0.5123850026608228,0.11250752135696374,BREACH
2024-10-10,0.09705195329877983,-0.010247700053216456,-0.015156154324139637,1.2131494162347478,0.5123850026608228,0.15156154324139637,BREACH
2024-10-11,0.09743513061439094,-0.010247700053216456,-0.01934619230862522,1.2179391326798867,0.5123850026608228,0.1934619230862522,BREACH
2024-10-14,0.09543280404793902,-0.010247700053216456,-0.019126013322671942,1.1929100505992378,0.5123850026608228,0.19126013322671942,BREACH
2024-10-15,0.09542215876827297,-0.010247700053216456,-0.023794891619089542,1.192776984603412,0.5123850026608228,0.23794891619089542,BREACH
2024-10-16,0.0952707041236882,-0.010247700053216456,-0.019625750158997257,1.1908838015461025,0.5123850026608228,0.19625750158997257,BREACH
2024-10-17,0.09514018518284711,-0.010247700053216456,-0.025249780770400965,1.189252314785589,0.5123850026608228,0.25249780770400965,BREACH
2024-10-18,0.09505185030893538,-0.010247700053216456,-0.02464334247284916,1.1881481288616922,0.5123850026608228,0.2464334247284916,BREACH
2024-10-21,0.09521863236381907,-0.010247700053216456,-0.021757303076200052,1.1902329045477384,0.5123850026608228,0.21757303076200052,BREACH
2024-10-22,0.09616733702588952,-0.010247700053216456,-0.031410191422702516,1.202091712823619,0.5123850026608228,0.31410191422702516,BREACH
2024-10-23,0.09639173401032401,-0.010247700053216456,-0.034850880830135544,1.2048966751290502,0.5123850026608228,0.34850880830135544,BREACH
2024-10-24,0.09598135244183373,-0.010247700053216456,-0.03327011104913857,1.1997669055229216,0.5123850026608228,0.33270111049138573,BREACH
2024-10-25,0.09604577643163421,-0.01003613051318914,-0.03488338086129761,1.2005722053954277,0.5018065256594569,0.3488338086129761,BREACH
2024-10-28,0.09998523451799093,-0.01003613051318914,-0.021109760983539783,1.2498154314748866,0.5018065256594569,0.21109760983539783,BREACH
2024-10-29,0.0966675093128374,-0.01003613051318914,-0.020851147223353794,1.2083438664104673,0.5018065256594569,0.20851147223353794,BREACH
2024-10-30,0.095720739076457,-0.01003613051318914,-0.022649028225503853,1.1965092384557126,0.5018065256594569,0.22649028225503853,BREACH
2024-10-31,0.09571945897729164,-0.01003613051318914,-0.022000510068363788,1.1964932372161454,0.5018065256594569,0.22000510068363788,BREACH
2024-11-01,0.09905141972414148,-0.01003613051318914,-0.009118959350477351,1.2381427465517685,0.5018065256594569,0.09118959350477351,BREACH
2024-11-04,0.0987961011815427,-0.01003613051318914,-0.004464082408736192,1.2349512647692837,0.5018065256594569,0.04464082408736192,BREACH
2024-11-05,0.09812218897343912,-0.01003613051318914,-0.00245257603159188,1.226527362167989,0.5018065256594569,0.0245257603159188,BREACH
2024-11-06,0.09886282630598173,-0.01003613051318914,-0.009198947402644708,1.2357853288247715,0.5018065256594569,0.09198947402644708,BREACH
2024-11-07,0.09926367095314956,-0.01003613051318914,-0.013426988818502461,1.2407958869143694,0.5018065256594569,0.1342698881850246,BREACH
2024-11-08,0.09863508949227753,-0.01003613051318914,-0.019522748358218545,1.2329386186534692,0.5018065256594569,0.19522748358218545,BREACH
2024-11-11,0.09699528813175855,-0.01003613051318914,-0.022665039535388676,1.2124411016469818,0.5018065256594569,0.22665039535388676,BREACH
2024-11-12,0.09861966552738759,-0.01003613051318914,-0.031510420636121084,1.2327458190923448,0.5018065256594569,0.31510420636121084,BREACH
2024-11-13,0.09862693078357748,-0.01003613051318914,-0.03625626959214834,1.2328366347947186,0.5018065256594569,0.3625626959214834,BREACH
2024-11-14,0.0987325909056062,-0.01003613051318914,-0.034173402577267864,1.2341573863200774,0.5018065256594569,0.34173402577267864,BREACH
2024-11-15,0.10123076381124255,-0.01003613051318914,-0.023539930324857794,1.2653845476405319,0.5018065256594569,0.23539930324857794,BREACH
2024-11-18,0.10022822396692141,-0.01003613051318914,-0.017579548759408814,1.2528527995865175,0.5018065256594569,0.17579548759408814,BREACH
2024-11-19,0.09801485856120305,-0.01003613051318914,-0.023617075131089016,1.225185732015038,0.5018065256594569,0.23617075131089016,BREACH
2024-11-20,0.09822225801380724,-0.01003613051318914,-0.02048620245599153,1.2277782251725904,0.5018065256594569,0.2048620245599153,BREACH
2024-11-21,0.09755766714196361,-0.01003613051318914,-0.014178005235443103,1.219470839274545,0.5018065256594569,0.14178005235443103,BREACH
2024-11-22,0.09650604849900134,-0.01003613051318914,-0.015440784066342528,1.2063256062375167,0.5018065256594569,0.15440784066342528,BREACH
2024-11-25,0.10240220184721276,-0.01003613051318914,0.0,1.2800275230901594,0.5018065256594569,0.0,BREACH
2024-11-26,0.10252735883540917,-0.01003613051318914,0.0,1.2815919854426145,0.5018065256594569,0.0,BREACH
2024-11-27,0.1013631561635546,-0.01003613051318914,-0.001540556508046298,1.2670394520444324,0.5018065256594569,0.01540556508046298,BREACH
2024-11-28,0.10143522570467975,-0.01003613051318914,-0.0036362711859047048,1.2679403213084968,0.5018065256594569,0.03636271185904705,BREACH
2024-11-29,0.10149559815401384,-0.01003613051318914,-0.005343083108710123,1.268694976925173,0.5018065256594569,0.05343083108710123,BREACH
2024-12-02,0.10210170617499897,-0.01003613051318914,-0.010650214350554021,1.2762713271874873,0.5018065256594569,0.10650214350554021,BREACH
2024-12-03,0.10234532049761032,-0.01003613051318914,-0.0035602149203923794,1.279316506220129,0.5018065256594569,0.035602149203923794,BREACH
2024-12-04,0.10152121994846246,-0.01003613051318914,0.0,1.2690152493557807,0.5018065256594569,0.0,BREACH
2024-12-05,0.10380810660718877,-0.010247700053216456,-0.010316629134496491,1.2976013325898597,0.5123850026608228,0.10316629134496491,BREACH
2024-12-06,0.10411468692586205,-0.010247700053216456,-0.014914182487121508,1.3014335865732756,0.5123850026608228,0.14914182487121508,BREACH
2024-12-09,0.10607232926287985,-0.010247700053216456,-0.024905114244808346,1.325904115785998,0.5123850026608228,0.24905114244808346,BREACH
2024-12-10,0.10495087139376819,-0.010247700053216456,-0.023014045306429143,1.3118858924221024,0.5123850026608228,0.23014045306429143,BREACH
2024-12-11,0.10580156837791599,-0.010187168220283517,-0.029493101086324858,1.3225196047239498,0.5093584110141759,0.2949310108632486,BREACH
2024-12-12,0.1085892999382893,-0.010247700053216456,-0.04167928956317268,1.357366249228616,0.5123850026608228,0.41679289563172683,BREACH
2024-12-13,0.10859465646936527,-0.010247700053216456,-0.03923482390060551,1.3574332058670657,0.5123850026608228,0.3923482390060551,BREACH
2024-12-16,0.11000953462599031,-0.010247700053216456,-0.029495097166522766,1.3751191828248788,0.5123850026608228,0.29495097166522766,BREACH
2024-12-17,0.1089484634345657,-0.010247700053216456,-0.028853576248352275,1.3618557929320712,0.5123850026608228,0.28853576248352275,BREACH
2024-12-18,0.10881340941825002,-0.010247700053216456,-0.024886460411039146,1.3601676177281252,0.5123850026608228,0.24886460411039146,BREACH
2024-12-19,0.10646028232141512,-0.010247700053216456,-0.024473907961459762,1.330753529017689,0.5123850026608228,0.24473907961459762,BREACH
2024-12-20,0.10659210731235265,-0.010247700053216456,-0.026795259622742207,1.332401341404408,0.5123850026608228,0.26795259622742207,BREACH
2024-12-23,0.10164082060693204,-0.010187168220283517,-0.024056103064962198,1.2705102575866505,0.5093584110141759,0.24056103064962198,BREACH
2024-12-24,0.10055308509881962,-0.010187168220283517,-0.02300144573660634,1.2569135637352453,0.5093584110141759,0.2300144573660634,BREACH
2024-12-25,0.09923129842474218,-0.010187168220283517,-0.019810390558571145,1.2403912303092772,0.5093584110141759,0.19810390558571145,BREACH
2024-12-26,0.09811103282229286,-0.009991156587116093,-0.020715109941470855,1.2263879102786608,0.4995578293558046,0.20715109941470855,BREACH
2024-12-27,0.09767742962346215,-0.009991156587116093,-0.024447110134680927,1.220967870293277,0.4995578293558046,0.24447110134680927,BREACH
2024-12-30,0.09827775634659577,-0.009991156587116093,-0.018511853512518495,1.2284719543324472,0.4995578293558046,0.18511853512518495,BREACH
2024-12-31,0.09863777620561091,-0.009991156587116093,-0.025132736799102218,1.2329722025701364,0.4995578293558046,0.2513273679910222,BREACH
2025-01-01,0.09865430842265124,-0.009991156587116093,-0.02772116274930303,1.2331788552831404,0.4995578293558046,0.2772116274930303,BREACH
2025-01-02,0.09796634688539492,-0.009991156587116093,-0.02734875670551873,1.2245793360674364,0.4995578293558046,0.2734875670551873,BREACH
2025-01-03,0.09799775951453896,-0.009991156587116093,-0.02962225270326635,1.224971993931737,0.4995578293558046,0.2962225270326635,BREACH
2025-01-06,0.0976999259346927,-0.009991156587116093,-0.03209999968590094,1.2212490741836588,0.4995578293558046,0.3209999968590094,BREACH
2025-01-07,0.09784561308747439,-0.009991156587116093,-0.03672174074431245,1.2230701635934298,0.4995578293558046,0.3672174074431245,BREACH
2025-01-08,0.09748764654232388,-0.009991156587116093,-0.036398776728516546,1.2185955817790484,0.4995578293558046,0.36398776728516546,BREACH
2025-01-09,0.09768091617562542,-0.009991156587116093,-0.03347919624966145,1.2210114521953177,0.4995578293558046,0.33479196249661447,BREACH
2025-01-10,0.09724418699725211,-0.009991156587116093,-0.0320202457482377,1.2155523374656514,0.4995578293558046,0.32020245748237697,BREACH
2025-01-13,0.09687620787413319,-0.009991156587116093,-0.03162288295483562,1.210952598426665,0.4995578293558046,0.3162288295483562,BREACH
2025-01-14,0.09824684955676158,-0.009991156587116093,-0.02175656751206201,1.2280856194595198,0.4995578293558046,0.21756567512062008,BREACH
2025-01-15,0.09841998335345462,-0.009761397991293169,-0.0243552405676023,1.2302497919181827,0.48806989956465846,0.243552405676023,BREACH
2025-01-16,0.0982681522737951,-0.009761397991293169,-0.023734377092407555,1.2283519034224386,0.48806989956465846,0.23734377092407555,BREACH
2025-01-17,0.09888950597507656,-0.009991156587116093,-0.034735759629120566,1.2361188246884571,0.4995578293558046,0.34735759629120566,BREACH
2025-01-20,0.10017581847285939,-0.009991156587116093,-0.04305325116680858,1.2521977309107424,0.4995578293558046,0.4305325116680858,BREACH
2025-01-21,0.10013592614063543,-0.009761397991293169,-0.043635598937937115,1.251699076757943,0.48806989956465846,0.43635598937937115,BREACH
2025-01-22,0.10068926600109594,-0.009761397991293169,-0.04886544307583507,1.2586158250136992,0.48806989956465846,0.4886544307583507,BREACH
2025-01-23,0.09653925895315893,-0.009761397991293169,-0.051357136913237844,1.2067407369144867,0.48806989956465846,0.5135713691323784,BREACH
2025-01-24,0.09677798082654093,-0.009761397991293169,-0.048357693913382516,1.2097247603317616,0.48806989956465846,0.48357693913382516,BREACH
2025-01-27,0.09680572138635282,-0.009761397991293169,-0.046635223495710476,1.2100715173294103,0.48806989956465846,0.46635223495710476,BREACH
2025-01-28,0.0968751449343046,-0.009761397991293169,-0.044882037445909795,1.2109393116788074,0.48806989956465846,0.44882037445909795,BREACH
2025-01-29,0.09302476795817556,-0.009761397991293169,-0.0446702232458166,1.1628095994771945,0.48806989956465846,0.446702232458166,BREACH
2025-01-30,0.09255588924477913,-0.009761397991293169,-0.043040606710751494,1.156948615559739,0.48806989956465846,0.43040606710751494,BREACH
2025-01-31,0.09274074631856051,-0.009761397991293169,-0.0471184260786488,1.1592593289820063,0.48806989956465846,0.471184260786488,BREACH
2025-02-03,0.09530932582499863,-0.009991156587116093,-0.05959863376447749,1.1913665728124827,0.4995578293558046,0.5959863376447749,BREACH
2025-02-04,0.09512785414616513,-0.009991156587116093,-0.062261316248129694,1.189098176827064,0.4995578293558046,0.622613162481297,BREACH
2025-02-05,0.09473774014527973,-0.009991156587116093,-0.06621150526687758,1.1842217518159965,0.4995578293558046,0.6621150526687758,BREACH
2025-02-06,0.0947748951419044,-0.009991156587116093,-0.06387059076870194,1.184686189273805,0.4995578293558046,0.6387059076870194,BREACH
2025-02-07,0.0951256468941109,-0.009991156587116093,-0.05514262684521898,1.1890705861763864,0.4995578293558046,0.5514262684521898,BREACH
2025-02-10,0.09496620485968664,-0.009991156587116093,-0.05149463144714661,1.187077560746083,0.4995578293558046,0.5149463144714661,BREACH
2025-02-11,0.09486225745984342,-0.009991156587116093,-0.05155974277621567,1.1857782182480427,0.4995578293558046,0.5155974277621567,BREACH
2025-02-12,0.09328243876685138,-0.009991156587116093,-0.044932599704657905,1.1660304845856422,0.4995578293558046,0.44932599704657905,BREACH
2025-02-13,0.09296761063259895,-0.009991156587116093,-0.04033447343530172,1.162095132907487,0.4995578293558046,0.4033447343530172,BREACH
2025-02-14,0.0921972786413505,-0.009991156587116093,-0.041565841918448254,1.152465983016881,0.4995578293558046,0.41565841918448254,BREACH
2025-02-17,0.09221978786419154,-0.009991156587116093,-0.045015171287733136,1.1527473483023942,0.4995578293558046,0.45015171287733136,BREACH
2025-02-18,0.09137490152541611,-0.009991156587116093,-0.04770132904453961,1.1421862690677014,0.4995578293558046,0.4770132904453961,BREACH
2025-02-19,0.09138759862744518,-0.009991156587116093,-0.04917101907158672,1.1423449828430647,0.4995578293558046,0.4917101907158672,BREACH
2025-02-20,0.08403278419277047,-0.009991156587116093,-0.048900047322996576,1.0504098024096309,0.4995578293558046,0.48900047322996576,BREACH
2025-02-21,0.08369228015103408,-0.009991156587116093,-0.046689106498830846,1.046153501887926,0.4995578293558046,0.46689106498830846,BREACH
2025-02-24,0.08368247514971992,-0.009991156587116093,-0.04791355682182885,1.046030939371499,0.4995578293558046,0.4791355682182885,BREACH
2025-02-25,0.08402205556263587,-0.009991156587116093,-0.044617264269974255,1.0502756945329483,0.4995578293558046,0.44617264269974255,BREACH
2025-02-26,0.08866040341210614,-0.009991156587116093,-0.03154163933813692,1.1082550426513267,0.4995578293558046,0.3154163933813692,BREACH
2025-02-27,0.08927377400073674,-0.009991156587116093,-0.024654581182365187,1.1159221750092092,0.4995578293558046,0.24654581182365187,BREACH
2025-02-28,0.08920935203727111,-0.009991156587116093,-0.03185939834176188,1.1151169004658887,0.4995578293558046,0.3185939834176188,BREACH
2025-03-03,0.0874237410639661,-0.009991156587116093,-0.03959834874095336,1.092796763299576,0.4995578293558046,0.3959834874095336,BREACH
2025-03-04,0.08568066721719966,-0.009991156587116093,-0.035593862025797285,1.0710083402149957,0.4995578293558046,0.35593862025797285,BREACH
2025-03-05,0.08907742229955026,-0.010187168220283517,-0.04837448888403517,1.1134677787443783,0.5093584110141759,0.4837448888403517,BREACH
2025-03-06,0.08724867797577919,-0.009991156587116093,-0.05238615654502432,1.0906084746972398,0.4995578293558046,0.5238615654502432,BREACH
2025-03-07,0.08982429741871162,-0.010187168220283517,-0.06321274226089513,1.1228037177338952,0.5093584110141759,0.6321274226089513,BREACH
2025-03-10,0.09075090170423959,-0.010187168220283517,-0.07204600280450546,1.1343862713029949,0.5093584110141759,0.7204600280450546,BREACH
2025-03-11,0.08773965431544903,-0.010187168220283517,-0.06945106282984459,1.096745678943113,0.5093584110141759,0.6945106282984459,BREACH
2025-03-12,0.08974800957154434,-0.009991156587116093,-0.06068460753715654,1.1218501196443043,0.4995578293558046,0.6068460753715654,BREACH
2025-03-13,0.08720343768016627,-0.009991156587116093,-0.062024384062674964,1.0900429710020783,0.4995578293558046,0.6202438406267496,BREACH
2025-03-14,0.09026725705226389,-0.010187168220283517,-0.07353017841278109,1.1283407131532985,0.5093584110141759,0.7353017841278109,BREACH
2025-03-17,0.08973572969031735,-0.010187168220283517,-0.07411354830155847,1.1216966211289667,0.5093584110141759,0.7411354830155847,BREACH
2025-03-18,0.09037283479177652,-0.010187168220283517,-0.07997047681895264,1.1296604348972064,0.5093584110141759,0.7997047681895264,BREACH
2025-03-19,0.09095899949639216,-0.010187168220283517,-0.08572573575677733,1.136987493704902,0.5093584110141759,0.8572573575677733,BREACH
2025-03-20,0.09116078443410107,-0.010187168220283517,-0.08219257934580948,1.1395098054262633,0.5093584110141759,0.8219257934580948,BREACH
2025-03-21,0.09136596863842804,-0.010187168220283517,-0.08649368927020817,1.1420746079803505,0.5093584110141759,0.8649368927020817,BREACH
2025-03-24,0.09248756664596428,-0.010187168220283517,-0.07983050902160982,1.1560945830745535,0.5093584110141759,0.7983050902160982,BREACH
2025-03-25,0.09266277856461147,-0.010187168220283517,-0.07811736660415769,1.1582847320576433,0.5093584110141759,0.7811736660415769,BREACH
2025-03-26,0.09282409753372485,-0.010187168220283517,-0.0826281351090824,1.1603012191715607,0.5093584110141759,0.826281351090824,BREACH
2025-03-27,0.09325011789724993,-0.010187168220283517,-0.07588027082756921,1.1656264737156241,0.5093584110141759,0.7588027082756921,BREACH
2025-03-28,0.09370530232087239,-0.010187168220283517,-0.06973969864277929,1.1713162790109048,0.5093584110141759,0.6973969864277929,BREACH
2025-03-31,0.09366731356679778,-0.010187168220283517,-0.06904993165902384,1.1708414195849721,0.5093584110141759,0.6904993165902384,BREACH
2025-04-01,0.0940110927884249,-0.010187168220283517,-0.07356127983319471,1.1751386598553113,0.5093584110141759,0.7356127983319471,BREACH
2025-04-02,0.09414393403146039,-0.010187168220283517,-0.0769907258958229,1.1767991753932547,0.5093584110141759,0.769907258958229,BREACH
2025-04-03,0.09460508107655563,-0.010187168220283517,-0.08229805094792841,1.1825635134569454,0.5093584110141759,0.8229805094792841,BREACH
2025-04-04,0.0944642710467766,-0.010187168220283517,-0.08018029277615601,1.1808033880847075,0.5093584110141759,0.8018029277615601,BREACH
2025-04-07,0.09547131819772452,-0.010187168220283517,-0.07441765022682412,1.1933914774715564,0.5093584110141759,0.7441765022682412,BREACH
2025-04-08,0.096120470790776,-0.010187168220283517,-0.08124585495945058,1.2015058848847,0.5093584110141759,0.8124585495945058,BREACH
2025-04-09,0.09772820450902805,-0.010187168220283517,-0.09039028708304786,1.2216025563628508,0.5093584110141759,0.9039028708304786,BREACH
2025-04-10,0.09968656097358658,-0.010187168220283517,-0.08225822312243802,1.2460820121698322,0.5093584110141759,0.8225822312243802,BREACH
2025-04-11,0.097163097756438,-0.010187168220283517,-0.08216740671552336,1.214538721955475,0.5093584110141759,0.8216740671552336,BREACH
2025-04-14,0.09722669402792185,-0.010187168220283517,-0.08081552253481172,1.2153336753490231,0.5093584110141759,0.8081552253481172,BREACH
2025-04-15,0.09771575954030955,-0.010187168220283517,-0.07697183053627488,1.2214469942538693,0.5093584110141759,0.7697183053627488,BREACH
2025-04-16,0.09570312064051206,-0.010187168220283517,-0.08111267366521857,1.1962890080064008,0.5093584110141759,0.8111267366521857,BREACH
2025-04-17,0.09538629116769175,-0.010187168220283517,-0.07529533356752516,1.1923286395961468,0.5093584110141759,0.7529533356752516,BREACH
2025-04-18,0.09558880646787227,-0.010187168220283517,-0.07290418995852799,1.1948600808484033,0.5093584110141759,0.7290418995852799,BREACH
2025-04-21,0.09505049500770492,-0.010187168220283517,-0.07299883038410071,1.1881311875963114,0.5093584110141759,0.7299883038410071,BREACH
2025-04-22,0.09974260754955579,-0.010187168220283517,-0.05915803638051198,1.2467825943694473,0.5093584110141759,0.5915803638051198,BREACH
2025-04-23,0.10041779350250492,-0.010187168220283517,-0.0656135864869355,1.2552224187813115,0.5093584110141759,0.6561358648693549,BREACH
2025-04-24,0.10120938696292865,-0.010187168220283517,-0.05967375131236341,1.2651173370366082,0.5093584110141759,0.5967375131236341,BREACH
2025-04-25,0.10173892353922605,-0.010187168220283517,-0.05464289316903137,1.2717365442403257,0.5093584110141759,0.5464289316903137,BREACH
2025-04-28,0.10308098194691044,-0.010187168220283517,-0.04693886509074863,1.2885122743363804,0.5093584110141759,0.46938865090748627,BREACH
2025-04-29,0.10729145808781929,-0.010187168220283517,-0.032701302066004856,1.341143226097741,0.5093584110141759,0.32701302066004856,BREACH
2025-04-30,0.10696145920499767,-0.010187168220283517,-0.034066562231243824,1.3370182400624708,0.5093584110141759,0.34066562231243824,BREACH
2025-05-01,0.10475085381103034,-0.010187168220283517,-0.04151261037862797,1.3093856726378792,0.5093584110141759,0.4151261037862797,BREACH
2025-05-02,0.10487941170834392,-0.010187168220283517,-0.04510734429989449,1.310992646354299,0.5093584110141759,0.4510734429989449,BREACH
2025-05-05,0.10453807387341006,-0.010187168220283517,-0.04302355661859092,1.3067259234176258,0.5093584110141759,0.4302355661859092,BREACH
2025-05-06,0.10704319726901354,-0.010187168220283517,-0.03145983152361109,1.3380399658626692,0.5093584110141759,0.3145983152361109,BREACH
2025-05-07,0.10562244081621056,-0.010187168220283517,-0.02918631568865071,1.3202805102026318,0.5093584110141759,0.2918631568865071,BREACH
2025-05-08,0.10548233860047777,-0.010187168220283517,-0.030883971580229375,1.318529232505972,0.5093584110141759,0.30883971580229375,BREACH
2025-05-09,0.10563958741816619,-0.010187168220283517,-0.0333495594072738,1.3204948427270773,0.5093584110141759,0.333495594072738,BREACH
2025-05-12,0.10494843799653208,-0.010187168220283517,-0.030167074515281445,1.3118554749566511,0.5093584110141759,0.30167074515281445,BREACH
2025-05-13,0.10490979303450512,-0.010187168220283517,-0.034246553115530376,1.311372412931314,0.5093584110141759,0.34246553115530376,BREACH
2025-05-14,0.10564529312982827,-0.010187168220283517,-0.027941732881857084,1.3205661641228534,0.5093584110141759,0.27941732881857084,BREACH
2025-05-15,0.10538339671093709,-0.010187168220283517,-0.02881137515053589,1.3172924588867136,0.5093584110141759,0.2881137515053589,BREACH
2025-05-16,0.10546233019419639,-0.010187168220283517,-0.03212825815531328,1.3182791274274548,0.5093584110141759,0.32128258155313283,BREACH
2025-05-19,0.10577450566997593,-0.010187168220283517,-0.027510293047408707,1.322181320874699,0.5093584110141759,0.27510293047408707,BREACH
2025-05-20,0.10581913039001911,-0.010187168220283517,-0.025642751654802565,1.322739129875239,0.5093584110141759,0.25642751654802565,BREACH
2025-05-21,0.10648568379700353,-0.01003818060488546,-0.019178927008810964,1.331071047462544,0.501909030244273,0.19178927008810964,BREACH
2025-05-22,0.10829314184073081,-0.01003818060488546,-0.008866293153966032,1.353664273009135,0.501909030244273,0.08866293153966032,BREACH
2025-05-23,0.10814454014313393,-0.01003818060488546,-0.008011963640638609,1.351806751789174,0.501909030244273,0.08011963640638609,BREACH
2025-05-26,0.10493597807498432,-0.01003818060488546,-0.009903634858344446,1.311699725937304,0.501909030244273,0.09903634858344446,BREACH
2025-05-27,0.10479567861919975,-0.01003818060488546,-0.0034171875971277244,1.3099459827399969,0.501909030244273,0.034171875971277244,BREACH
2025-05-28,0.10441553398931484,-0.01003818060488546,-0.009399680956409973,1.3051941748664355,0.501909030244273,0.09399680956409973,BREACH
2025-05-29,0.10305872238154955,-0.01003818060488546,-0.010324584654069158,1.2882340297693693,0.501909030244273,0.10324584654069158,BREACH
2025-05-30,0.10412513481868554,-0.01003818060488546,-0.0016605677176632083,1.3015641852335693,0.501909030244273,0.016605677176632083,BREACH
2025-06-02,0.10076021981984509,-0.01003818060488546,0.0,1.2595027477480636,0.501909030244273,0.0,BREACH
2025-06-03,0.10053247146289657,-0.01003818060488546,-0.002953024516221925,1.256655893286207,0.501909030244273,0.02953024516221925,BREACH
2025-06-04,0.10173841506524903,-0.01003818060488546,0.0,1.271730188315613,0.501909030244273,0.0,BREACH
2025-06-05,0.09979534360407528,-0.01003818060488546,-0.00314061279150335,1.247441795050941,0.501909030244273,0.0314061279150335,BREACH
2025-06-06,0.09984747610445949,-0.00990605447766836,0.0,1.2480934513057436,0.495302723883418,0.0,BREACH
2025-06-09,0.0989579456140388,-0.00990605447766836,-0.003340092991169663,1.236974320175485,0.495302723883418,0.03340092991169663,BREACH
2025-06-10,0.09927928698111309,-0.00990605447766836,-0.006871296651999148,1.2409910872639136,0.495302723883418,0.06871296651999148,BREACH
2025-06-11,0.09783686796103772,-0.00990605447766836,0.0,1.2229608495129713,0.495302723883418,0.0,BREACH
2025-06-12,0.09776973890973759,-0.00990605447766836,0.0,1.2221217363717198,0.495302723883418,0.0,BREACH
2025-06-13,0.09657219732950861,-0.00990605447766836,-0.0009517093621398409,1.2071524666188576,0.495302723883418,0.00951709362139841,BREACH
2025-06-16,0.09525316721793509,-0.00990605447766836,-0.0007068271278044547,1.1906645902241886,0.495302723883418,0.007068271278044547,BREACH
2025-06-17,0.09573697269182622,-0.00990605447766836,-0.00413282261164305,1.1967121586478278,0.495302723883418,0.0413282261164305,BREACH
2025-06-18,0.09484951599853503,-0.00990605447766836,-0.0020465047549899085,1.1856189499816878,0.495302723883418,0.020465047549899085,BREACH
2025-06-19,0.09510355082610233,-0.00990605447766836,-0.006850622854942978,1.1887943853262792,0.495302723883418,0.06850622854942978,BREACH
2025-06-20,0.10030915963184839,-0.01003818060488546,-0.02107078147573116,1.2538644953981049,0.501909030244273,0.2107078147573116,BREACH
2025-06-23,0.10083588755765412,-0.01003818060488546,-0.011605539362008366,1.2604485944706765,0.501909030244273,0.11605539362008366,BREACH
2025-06-24,0.10132877172490476,-0.01003818060488546,-0.017700218366085596,1.2666096465613095,0.501909030244273,0.17700218366085596,BREACH
2025-06-25,0.10370341537455859,-0.010220689972339193,-0.028452384205202574,1.2962926921819824,0.5110344986169597,0.28452384205202574,BREACH
2025-06-26,0.10377569628623359,-0.010220689972339193,-0.02928050107935687,1.2971962035779199,0.5110344986169597,0.2928050107935687,BREACH
2025-06-27,0.10307657558566798,-0.01003818060488546,-0.027674576965526887,1.2884571948208496,0.501909030244273,0.27674576965526887,BREACH
2025-06-30,0.10311219789070976,-0.01003818060488546,-0.021426352159572115,1.288902473633872,0.501909030244273,0.21426352159572115,BREACH
2025-07-01,0.1037071273249285,-0.01003818060488546,-0.01108225642958649,1.2963390915616062,0.501909030244273,0.1108225642958649,BREACH
2025-07-02,0.10369924672890776,-0.01003818060488546,-0.009796394798772257,1.296240584111347,0.501909030244273,0.09796394798772257,BREACH
2025-07-03,0.10347542672147794,-0.01003818060488546,-0.011561170735531312,1.2934428340184743,0.501909030244273,0.11561170735531312,BREACH
2025-07-04,0.10217417440599819,-0.01003818060488546,-0.013652727109695562,1.2771771800749774,0.501909030244273,0.13652727109695562,BREACH
2025-07-07,0.10059161657503031,-0.01003818060488546,-0.004527780103787737,1.257395207187879,0.501909030244273,0.045277801037877374,BREACH
2025-07-08,0.10042805584508877,-0.01003818060488546,0.0,1.2553506980636095,0.501909030244273,0.0,BREACH
2025-07-09,0.10037314291806027,-0.01003818060488546,0.0,1.2546642864757533,0.501909030244273,0.0,BREACH
2025-07-10,0.10042335069718208,-0.01003818060488546,0.0,1.255291883714776,0.501909030244273,0.0,BREACH
2025-07-11,0.1004988926132302,-0.01003818060488546,0.0,1.2562361576653773,0.501909030244273,0.0,BREACH
2025-07-14,0.09988832319632758,-0.01003818060488546,0.0,1.2486040399540947,0.501909030244273,0.0,BREACH
2025-07-15,0.09972564043965036,-0.01003818060488546,-0.0012156841252285444,1.2465705054956295,0.501909030244273,0.012156841252285444,BREACH
2025-07-16,0.10138988178924237,-0.01003818060488546,-0.008417505176544826,1.2673735223655296,0.501909030244273,0.08417505176544826,BREACH
2025-07-17,0.10135864182779651,-0.01003818060488546,-0.005117643491842183,1.2669830228474563,0.501909030244273,0.05117643491842183,BREACH
2025-07-18,0.09881327693288953,-0.01003818060488546,-0.010421274754242038,1.2351659616611192,0.501909030244273,0.10421274754242038,BREACH
2025-07-21,0.09860018692779068,-0.00990605447766836,-0.01657842472007587,1.2325023365973835,0.495302723883418,0.16578424720075868,BREACH
2025-07-22,0.09829557573881269,-0.00990605447766836,-0.012206235890596218,1.2286946967351586,0.495302723883418,0.12206235890596218,BREACH
2025-07-23,0.09825112182298125,-0.00990605447766836,-0.0072098524267160125,1.2281390227872655,0.495302723883418,0.07209852426716012,BREACH
2025-07-24,0.09775766860364604,-0.00990605447766836,-0.0012365531040492428,1.2219708575455754,0.495302723883418,0.012365531040492428,BREACH
2025-07-25,0.09595375707897096,-0.00990605447766836,-0.009929461766040815,1.1994219634871368,0.495302723883418,0.09929461766040815,BREACH
2025-07-28,0.09885627584994679,-0.00990605447766836,0.0,1.2357034481243347,0.495302723883418,0.0,BREACH
2025-07-29,0.0973437232026464,-0.00990605447766836,0.0,1.21679654003308,0.495302723883418,0.0,BREACH
2025-07-30,0.09728115515360247,-0.00990605447766836,0.0,1.216014439420031,0.495302723883418,0.0,BREACH
2025-07-31,0.09727767491308938,-0.00990605447766836,0.0,1.215970936413617,0.495302723883418,0.0,BREACH
2025-08-01,0.09798753186784917,-0.01003818060488546,-0.010539557163006918,1.2248441483481145,0.501909030244273,0.10539557163006918,BREACH
2025-08-04,0.09807152829118161,-0.01003818060488546,-0.011469423209767737,1.2258941036397701,0.501909030244273,0.11469423209767737,BREACH
2025-08-05,0.09791064197205085,-0.01003818060488546,-0.01142164183203076,1.2238830246506356,0.501909030244273,0.1142164183203076,BREACH
2025-08-06,0.09765226435197764,-0.01003818060488546,-0.00839680914104357,1.2206533043997205,0.501909030244273,0.08396809141043571,BREACH
2025-08-07,0.09914142637019446,-0.01003818060488546,0.0,1.2392678296274309,0.501909030244273,0.0,BREACH
2025-08-08,0.0985861403392779,-0.01003818060488546,0.0,1.2323267542409737,0.501909030244273,0.0,BREACH
2025-08-11,0.09847062538006367,-0.01003818060488546,-0.0027676591691713215,1.2308828172507957,0.501909030244273,0.027676591691713215,BREACH
2025-08-12,0.09838823416649847,-0.01003818060488546,0.0,1.2298529270812308,0.501909030244273,0.0,BREACH
2025-08-13,0.09964874895472838,-0.01003818060488546,-0.00773597937068915,1.2456093619341047,0.501909030244273,0.0773597937068915,BREACH
2025-08-14,0.10029408062573776,-0.01003818060488546,-0.012833849841272671,1.253676007821722,0.501909030244273,0.1283384984127267,BREACH
2025-08-15,0.10041985103834251,-0.01003818060488546,-0.008972915389895086,1.2552481379792815,0.501909030244273,0.08972915389895086,BREACH
2025-08-18,0.10002358369107382,-0.01003818060488546,-0.004768722483012633,1.2502947961384228,0.501909030244273,0.04768722483012633,BREACH
2025-08-19,0.09862098862809511,-0.01003818060488546,0.0,1.2327623578511888,0.501909030244273,0.0,BREACH
2025-08-20,0.0998711701295069,-0.01003818060488546,-0.006628313862972024,1.2483896266188361,0.501909030244273,0.06628313862972024,BREACH
2025-08-21,0.09970635378022859,-0.01003818060488546,-0.0043140126279824775,1.2463294222528574,0.501909030244273,0.043140126279824775,BREACH
2025-08-22,0.09996710722750131,-0.01003818060488546,0.0,1.2495888403437663,0.501909030244273,0.0,BREACH
2025-08-25,0.09902018513223015,-0.01003818060488546,-0.0012590331574486857,1.237752314152877,0.501909030244273,0.012590331574486857,BREACH
2025-08-26,0.09922640518570154,-0.00990605447766836,-0.0038436183626402443,1.2403300648212692,0.495302723883418,0.03843618362640244,BREACH
2025-08-27,0.09829384461425379,-0.00990605447766836,0.0,1.2286730576781724,0.495302723883418,0.0,BREACH
2025-08-28,0.09910773368690942,-0.00990605447766836,-0.0067394399174368624,1.2388466710863677,0.495302723883418,0.06739439917436862,BREACH
2025-08-29,0.09914632529408933,-0.00990605447766836,-0.0014603681604100638,1.2393290661761165,0.495302723883418,0.014603681604100638,BREACH
2025-09-01,0.09455867345105534,-0.00990605447766836,-0.0016984310011715076,1.1819834181381919,0.495302723883418,0.016984310011715076,BREACH
2025-09-02,0.09421216245022032,-0.00990605447766836,-0.000195711643451002,1.177652030627754,0.495302723883418,0.00195711643451002,BREACH
2025-09-03,0.09435572201207577,-0.00990605447766836,-0.0029813807882101973,1.1794465251509472,0.495302723883418,0.029813807882101973,BREACH
2025-09-04,0.09494255337067409,-0.00990605447766836,-0.008820917237911785,1.1867819171334262,0.495302723883418,0.08820917237911785,BREACH
2025-09-05,0.09560947500206728,-0.00990605447766836,-0.0008452815572574934,1.195118437525841,0.495302723883418,0.008452815572574934,BREACH
2025-09-08,0.09319973912523706,-0.00990605447766836,-0.004005532903171849,1.1649967390654632,0.495302723883418,0.04005532903171849,BREACH
2025-09-09,0.09416188810897898,-0.00990605447766836,0.0,1.1770236013622373,0.495302723883418,0.0,BREACH
2025-09-10,0.09416608580688025,-0.009626533438619666,0.0,1.1770760725860032,0.48132667193098333,0.0,BREACH
2025-09-11,0.09437351295072262,-0.009626533438619666,-0.0022975997728112985,1.1796689118840327,0.48132667193098333,0.022975997728112985,BREACH
2025-09-12,0.09397643597675838,-0.009626533438619666,-0.0017893055792085333,1.1747054497094798,0.48132667193098333,0.017893055792085333,BREACH
2025-09-15,0.09775716826725937,-0.00990605447766836,-0.014393559732120753,1.221964603340742,0.495302723883418,0.14393559732120753,BREACH
2025-09-16,0.09823930746608023,-0.00990605447766836,-0.020932837701427065,1.2279913433260028,0.495302723883418,0.20932837701427065,BREACH
2025-09-17,0.09665136205350247,-0.01003818060488546,-0.0322076031831946,1.208142025668781,0.501909030244273,0.322076031831946,BREACH
2025-09-18,0.09773267085924373,-0.01003818060488546,-0.02040235279752045,1.2216583857405465,0.501909030244273,0.2040235279752045,BREACH
2025-09-19,0.09911477287304178,-0.010053497949662838,-0.03017964659208261,1.2389346609130223,0.5026748974831419,0.3017964659208261,BREACH
2025-09-22,0.10281721457292796,-0.010053497949662838,-0.011832109814066571,1.2852151821615994,0.5026748974831419,0.11832109814066571,BREACH
2025-09-23,0.10302901999546163,-0.010053497949662838,-0.014499049788743168,1.2878627499432704,0.5026748974831419,0.14499049788743168,BREACH
2025-09-24,0.10304371958354241,-0.010053497949662838,-0.014423301350990791,1.2880464947942802,0.5026748974831419,0.14423301350990791,BREACH
2025-09-25,0.10308950639692942,-0.010053497949662838,-0.007879640788081343,1.2886188299616177,0.5026748974831419,0.07879640788081343,BREACH
2025-09-26,0.1031984116750902,-0.010053497949662838,0.0,1.2899801459386275,0.5026748974831419,0.0,BREACH
2025-09-29,0.10510802574336593,-0.010053497949662838,0.0,1.313850321792074,0.5026748974831419,0.0,BREACH
2025-09-30,0.10651215200489014,-0.010053497949662838,0.0,1.3314019000611268,0.5026748974831419,0.0,BREACH
2025-10-01,0.10643715375672919,-0.010053497949662838,0.0,1.3304644219591149,0.5026748974831419,0.0,BREACH
2025-10-02,0.1053428264494194,-0.010053497949662838,0.0,1.3167853306177426,0.5026748974831419,0.0,BREACH
2025-10-03,0.10452178587739866,-0.010053497949662838,0.0,1.3065223234674832,0.5026748974831419,0.0,BREACH
2025-10-06,0.10493226753478897,-0.010053497949662838,-0.0034091285202897392,1.3116533441848621,0.5026748974831419,0.03409128520289739,BREACH
2025-10-07,0.10518309404591746,-0.010053497949662838,-0.006431856073186526,1.3147886755739682,0.5026748974831419,0.06431856073186526,BREACH
2025-10-08,0.10567269833768014,-0.010053497949662838,-0.011598685806840092,1.3209087292210018,0.5026748974831419,0.11598685806840092,BREACH
2025-10-09,0.10585787927655237,-0.010053497949662838,-0.016099507184360817,1.3232234909569045,0.5026748974831419,0.16099507184360817,BREACH
2025-10-10,0.10577837600434986,-0.010053497949662838,-0.015724135192239586,1.3222297000543732,0.5026748974831419,0.15724135192239586,BREACH
2025-10-13,0.10464116609175529,-0.010053497949662838,-0.011941772645005289,1.308014576146941,0.5026748974831419,0.11941772645005289,BREACH
2025-10-14,0.10494852115413718,-0.010053497949662838,-0.006354676560461514,1.3118565144267147,0.5026748974831419,0.06354676560461514,BREACH
2025-10-15,0.10414654487733478,-0.010053497949662838,-0.004248947921746016,1.3018318109666847,0.5026748974831419,0.04248947921746016,BREACH
2025-10-16,0.10440654360796725,-0.010053497949662838,0.0,1.3050817950995905,0.5026748974831419,0.0,BREACH
2025-10-17,0.10567936691042598,-0.010053497949662838,-0.007287614298921996,1.3209920863803248,0.5026748974831419,0.07287614298921996,BREACH
2025-10-20,0.10588713799122965,-0.010053497949662838,-0.01109588725316657,1.3235892248903705,0.5026748974831419,0.1109588725316657,BREACH
2025-10-21,0.10577592682805326,-0.010053497949662838,-0.014301359220083576,1.3221990853506658,0.5026748974831419,0.14301359220083576,BREACH
2025-10-22,0.10721138036982196,-0.010220689972339193,-0.02615046209737315,1.3401422546227744,0.5110344986169597,0.2615046209737315,BREACH
2025-10-23,0.10423758626718012,-0.010220689972339193,-0.024605132829702003,1.3029698283397515,0.5110344986169597,0.24605132829702003,BREACH
2025-10-24,0.10456626615610225,-0.010220689972339193,-0.029557809052939477,1.307078326951278,0.5110344986169597,0.29557809052939477,BREACH
2025-10-27,0.10633091803968026,-0.010220689972339193,-0.017932902615538593,1.3291364754960031,0.5110344986169597,0.17932902615538593,BREACH
2025-10-28,0.1065014273468012,-0.010220689972339193,-0.014060643775677395,1.331267841835015,0.5110344986169597,0.14060643775677395,BREACH
2025-10-29,0.10435822867395717,-0.010220689972339193,-0.017349215988105238,1.3044778584244645,0.5110344986169597,0.17349215988105238,BREACH
2025-10-30,0.10670797110995453,-0.010220689972339193,-0.005414489957255797,1.3338496388744316,0.5110344986169597,0.05414489957255797,BREACH
2025-10-31,0.10882976346883293,-0.010220689972339193,0.0,1.3603720433604116,0.5110344986169597,0.0,BREACH
2025-11-03,0.10935690805589941,-0.010220689972339193,0.0,1.3669613506987426,0.5110344986169597,0.0,BREACH
2025-11-04,0.10870913941989206,-0.010220689972339193,-0.0056146898615621055,1.3588642427486508,0.5110344986169597,0.056146898615621055,BREACH
2025-11-05,0.10954876606711599,-0.010220689972339193,-0.012054762106655459,1.3693595758389498,0.5110344986169597,0.12054762106655459,BREACH
2025-11-06,0.10963854594813742,-0.010220689972339193,-0.015395713355063179,1.3704818243517176,0.5110344986169597,0.1539571335506318,BREACH
2025-11-07,0.10999630115518223,-0.010220689972339193,-0.009754105616475717,1.3749537644397778,0.5110344986169597,0.09754105616475717,BREACH
2025-11-10,0.11070635323294471,-0.010220689972339193,0.0,1.383829415411809,0.5110344986169597,0.0,BREACH
2025-11-11,0.11040243663923172,-0.010220689972339193,0.0,1.3800304579903964,0.5110344986169597,0.0,BREACH
2025-11-12,0.11046441709293005,-0.010220689972339193,-0.0017928708269336902,1.3808052136616256,0.5110344986169597,0.0179287082693369,BREACH
2025-11-13,0.11140295866064982,-0.010220689972339193,-0.008325834415500943,1.3925369832581227,0.5110344986169597,0.08325834415500943,BREACH
2025-11-14,0.1111477521821696,-0.010220689972339193,-0.009284743959998565,1.3893469022771199,0.5110344986169597,0.09284743959998565,BREACH
2025-11-17,0.11361494851401606,-0.010416946747326194,-0.02212096668669472,1.4201868564252007,0.5208473373663097,0.2212096668669472,BREACH
2025-11-18,0.11362329959170915,-0.010416946747326194,-0.022765572856390692,1.4202912448963643,0.5208473373663097,0.22765572856390692,BREACH
2025-11-19,0.11332416756867196,-0.010416946747326194,-0.02736118039756552,1.4165520946083994,0.5208473373663097,0.2736118039756552,BREACH
2025-11-20,0.11378445326751924,-0.010416946747326194,-0.03198944452290864,1.4223056658439903,0.5208473373663097,0.3198944452290864,BREACH
2025-11-21,0.1140868599683871,-0.010416946747326194,-0.036441070846593315,1.4260857496048387,0.5208473373663097,0.36441070846593315,BREACH
2025-11-24,0.1138324672819416,-0.010321007585168861,-0.037235126802027674,1.42290584102427,0.5160503792584431,0.37235126802027674,BREACH
2025-11-25,0.11333917721593993,-0.010321007585168861,-0.0316742461172288,1.4167397151992491,0.5160503792584431,0.316742461172288,BREACH
2025-11-26,0.11325716416813911,-0.01023231124062123,-0.035061301950286894,1.415714552101739,0.5116155620310615,0.35061301950286894,BREACH
2025-11-27,0.1164184576468509,-0.010722416322784947,-0.04751489212474691,1.455230720585636,0.5361208161392473,0.4751489212474691,BREACH
2025-11-28,0.11653390157995339,-0.010722416322784947,-0.04987201418268661,1.4566737697494172,0.5361208161392473,0.4987201418268661,BREACH
2025-12-01,0.11902740138819912,-0.01023231124062123,-0.03762882320671812,1.487842517352489,0.5116155620310615,0.3762882320671812,BREACH
2025-12-02,0.11890590148057849,-0.01023231124062123,-0.03126575645419982,1.486323768507231,0.5116155620310615,0.3126575645419982,BREACH
2025-12-03,0.11803001400397031,-0.01023231124062123,-0.03229571634700812,1.475375175049629,0.5116155620310615,0.3229571634700812,BREACH
2025-12-04,0.11812048947657365,-0.01023231124062123,-0.027301788662957183,1.4765061184571706,0.5116155620310615,0.2730178866295718,BREACH
2025-12-05,0.11727681255965966,-0.01023231124062123,-0.025444948570745862,1.4659601569957457,0.5116155620310615,0.2544494857074586,BREACH
2025-12-08,0.11721920555109758,-0.01023231124062123,-0.025820744328611367,1.4652400693887198,0.5116155620310615,0.25820744328611367,BREACH
2025-12-09,0.11707703822171384,-0.01023231124062123,-0.02578502915957903,1.463462977771423,0.5116155620310615,0.2578502915957903,BREACH
2025-12-10,0.11724488043080145,-0.01023231124062123,-0.02209838371684203,1.465561005385018,0.5116155620310615,0.2209838371684203,BREACH
2025-12-11,0.11635183395694577,-0.01023231124062123,-0.010011249695738189,1.4543979244618221,0.5116155620310615,0.10011249695738189,BREACH
2025-12-12,0.11566882341911236,-0.01023231124062123,-0.013453085918577634,1.4458602927389044,0.5116155620310615,0.13453085918577634,BREACH
2025-12-15,0.11303085336404647,-0.01023231124062123,-0.008353985942281539,1.412885667050581,0.5116155620310615,0.08353985942281539,BREACH
2025-12-16,0.11097881233794361,-0.01023231124062123,-0.009417537990850655,1.387235154224295,0.5116155620310615,0.09417537990850655,BREACH
2025-12-17,0.10947385368559066,-0.01023231124062123,-0.014776077506791219,1.3684231710698833,0.5116155620310615,0.1477607750679122,BREACH
2025-12-18,0.10344202758573512,-0.01023231124062123,-0.013063597939083849,1.293025344821689,0.5116155620310615,0.13063597939083849,BREACH
2025-12-19,0.10356604688006478,-0.01023231124062123,-0.007551258320210752,1.2945755860008097,0.5116155620310615,0.07551258320210752,BREACH
2025-12-22,0.1041991751977108,-0.01023231124062123,-0.0006261094709495429,1.302489689971385,0.5116155620310615,0.0062610947094954295,BREACH
2025-12-23,0.1058437972317116,-0.01023231124062123,-0.010263104352141617,1.3230474653963948,0.5116155620310615,0.10263104352141617,BREACH
2025-12-24,0.10441622595616837,-0.01023231124062123,-0.004431680365678314,1.3052028244521046,0.5116155620310615,0.044316803656783144,BREACH
2025-12-25,0.1024601620839488,-0.01023231124062123,-0.006053373263368633,1.28075202604936,0.5116155620310615,0.06053373263368633,BREACH
2025-12-26,0.10052458646157834,-0.01023231124062123,-0.005769104049580087,1.2565573307697293,0.5116155620310615,0.05769104049580087,BREACH
2025-12-29,0.10029380500258714,-0.01023231124062123,-0.007480757971171759,1.2536725625323393,0.5116155620310615,0.07480757971171759,BREACH
2025-12-30,0.10369305602885893,-0.010722416322784947,-0.020459795917692092,1.2961632003607366,0.5361208161392473,0.20459795917692092,BREACH
2025-12-31,0.10345384144518094,-0.010722416322784947,-0.0193735834109523,1.2931730180647618,0.5361208161392473,0.193735834109523,BREACH
