Date,Rolling_Volatility,Rolling_VaR_95
2023-01-04,,
2023-01-05,,
2023-01-06,,
2023-01-09,,
2023-01-10,,
2023-01-11,,
2023-01-12,,
2023-01-13,,
2023-01-16,,
2023-01-17,,
2023-01-18,,
2023-01-19,,
2023-01-20,,
2023-01-23,,
2023-01-24,,
2023-01-25,,
2023-01-26,,
2023-01-27,,
2023-01-30,,
2023-01-31,,
2023-02-01,,
2023-02-02,,
2023-02-03,,
2023-02-06,,
2023-02-07,,
2023-02-08,,
2023-02-09,,
2023-02-10,,
2023-02-13,,
2023-02-14,,
2023-02-15,,
2023-02-16,,
2023-02-17,,
2023-02-20,,
2023-02-21,,
2023-02-22,,
2023-02-23,,
2023-02-24,,
2023-02-27,,
2023-02-28,,
2023-03-01,,
2023-03-02,,
2023-03-03,,
2023-03-06,,
2023-03-07,,
2023-03-08,,
2023-03-09,,
2023-03-10,,
2023-03-13,,
2023-03-14,,
2023-03-15,,
2023-03-16,,
2023-03-17,,
2023-03-20,,
2023-03-21,,
2023-03-22,,
2023-03-23,,
2023-03-24,,
2023-03-27,,
2023-03-28,,
2023-03-29,,
2023-03-30,,
2023-03-31,0.08092280158587573,
2023-04-03,0.08127343137109085,
2023-04-04,0.08822890374569627,
2023-04-05,0.08557732510477582,
2023-04-06,0.08542896247570701,
2023-04-07,0.08548242261569239,
2023-04-10,0.08496343312763445,
2023-04-11,0.0840613035371204,
2023-04-12,0.08702915661167675,
2023-04-13,0.08791810044732144,
2023-04-14,0.08809888219067749,
2023-04-17,0.08961557448108384,
2023-04-18,0.0892935578285123,
2023-04-19,0.08943050685205092,
2023-04-20,0.08862700112060827,
2023-04-21,0.08864114447052086,
2023-04-24,0.09283364105613329,
2023-04-25,0.09359419230584642,
2023-04-26,0.09593827975126219,
2023-04-27,0.09478989613376586,
2023-04-28,0.09436621704281814,
2023-05-01,0.09419379432773614,
2023-05-02,0.09415035110872824,
2023-05-03,0.0939996428261641,
2023-05-04,0.09644506115790709,
2023-05-05,0.09651104580788486,
2023-05-08,0.09671119395400839,
2023-05-09,0.09697518775827639,
2023-05-10,0.09678826319166804,
2023-05-11,0.09679105784849468,
2023-05-12,0.09801479395367066,
2023-05-15,0.09788482785844375,
2023-05-16,0.09758085844344287,
2023-05-17,0.09550354629818616,
2023-05-18,0.09606512758463408,
2023-05-19,0.09829797289289188,
2023-05-22,0.09875279848733622,
2023-05-23,0.09973174028759516,
2023-05-24,0.0984932177804969,
2023-05-25,0.09767158258708493,
2023-05-26,0.09471342742267122,
2023-05-29,0.09467321902786018,
2023-05-30,0.09446542239146997,
2023-05-31,0.0949952701441858,
2023-06-01,0.09543415440523569,
2023-06-02,0.0949270221819487,
2023-06-05,0.09439737976011388,
2023-06-06,0.09441954101616133,
2023-06-07,0.09405032608039977,
2023-06-08,0.09182721026315363,
2023-06-09,0.09382788803832633,
2023-06-12,0.09350283949171372,
2023-06-13,0.09314259974649274,
2023-06-14,0.09354941422090378,
2023-06-15,0.09387902609749023,
2023-06-16,0.09398218926857116,
2023-06-19,0.09399310734834562,
2023-06-20,0.09345603125081225,
2023-06-21,0.0935854573401177,
2023-06-22,0.09343221499270163,
2023-06-23,0.09295660344330586,
2023-06-26,0.09383321480975962,
2023-06-27,0.09515206201260205,
2023-06-28,0.09506209783476897,
2023-06-29,0.09585349867858123,
2023-06-30,0.09051498323200124,
2023-07-03,0.09022061148130323,
2023-07-04,0.09087982117435509,
2023-07-05,0.09189756395730718,
2023-07-06,0.0921078197940691,
2023-07-07,0.09173895357384482,
2023-07-10,0.08996103829278865,
2023-07-11,0.08998543857593935,
2023-07-12,0.09084837316440056,
2023-07-13,0.08688411862318143,
2023-07-14,0.0877850475241098,
2023-07-17,0.0898026776671592,
2023-07-18,0.08975815088257504,
2023-07-19,0.08977548648307435,
2023-07-20,0.08383161724340653,
2023-07-21,0.08480507638904566,
2023-07-24,0.08327020089014775,
2023-07-25,0.08337732793965921,
2023-07-26,0.0830108333408308,
2023-07-27,0.08395781027845366,
2023-07-28,0.08443432592666318,
2023-07-31,0.08594179589643379,
2023-08-01,0.08531485991593307,
2023-08-02,0.08798829318346685,
2023-08-03,0.0876639808862155,
2023-08-04,0.08645855568759346,
2023-08-07,0.08695215021071628,
2023-08-08,0.08660698651139652,
2023-08-09,0.08631938141414364,
2023-08-10,0.0856556628766429,
2023-08-11,0.08827743323124419,
2023-08-14,0.08899991326772264,
2023-08-15,0.08841092777259321,
2023-08-16,0.08623205836154989,
2023-08-17,0.08861801370135965,
2023-08-18,0.08914815933795019,
2023-08-21,0.08970201386179275,
2023-08-22,0.0897892966087446,
2023-08-23,0.08927792565884267,
2023-08-24,0.0900635140255922,
2023-08-25,0.09027633120701938,
2023-08-28,0.08892790421287222,
2023-08-29,0.0905313811991009,
2023-08-30,0.09030717426624629,
2023-08-31,0.09041077448533726,
2023-09-01,0.09097406691619217,
2023-09-04,0.09062279950483133,
2023-09-05,0.09017648960477471,
2023-09-06,0.08693511023604765,
2023-09-07,0.08781070743145322,
2023-09-08,0.08786228873829087,
2023-09-11,0.0929324615447435,
2023-09-12,0.09108012052462075,
2023-09-13,0.09072464190975804,
2023-09-14,0.09113410983260378,
2023-09-15,0.09257999756270957,
2023-09-18,0.09292209301058102,
2023-09-19,0.0951923306815114,
2023-09-20,0.09460000672741607,
2023-09-21,0.09532205146455494,
2023-09-22,0.09341676386097107,
2023-09-25,0.09592449230884485,
2023-09-26,0.09474988765831681,
2023-09-27,0.09471837577430521,
2023-09-28,0.0947306059634616,
2023-09-29,0.09821942193812676,
2023-10-02,0.09644140025956541,
2023-10-03,0.09808943359401515,
2023-10-04,0.10001335470642704,
2023-10-05,0.10047158804298387,
2023-10-06,0.10002675967446402,
2023-10-09,0.09977469258450583,
2023-10-10,0.10011059368576623,
2023-10-11,0.09862337992816392,
2023-10-12,0.09768363093237632,
2023-10-13,0.09775534025402298,
2023-10-16,0.0979029620366504,
2023-10-17,0.09792461217455412,
2023-10-18,0.09718993522091136,
2023-10-19,0.09724507449812375,
2023-10-20,0.09707689064428383,
2023-10-23,0.0968637705729909,
2023-10-24,0.09630228149125787,
2023-10-25,0.0961122868499395,
2023-10-26,0.09372870417886518,
2023-10-27,0.09262185441346296,
2023-10-30,0.0913214103900064,
2023-10-31,0.09179371849719203,
2023-11-01,0.0928528888563527,
2023-11-02,0.09249979576465453,
2023-11-03,0.09276404371452171,
2023-11-06,0.09211912095876365,
2023-11-07,0.09319996760640095,
2023-11-08,0.09352139567327153,
2023-11-09,0.09319306213206173,
2023-11-10,0.09367432824846408,
2023-11-13,0.09368166943530765,
2023-11-14,0.09161760796639097,
2023-11-15,0.09025732734540365,
2023-11-16,0.09085034874072617,
2023-11-17,0.09104686570165446,
2023-11-20,0.09117216294609795,
2023-11-21,0.09142478300315096,
2023-11-22,0.09161285874678055,
2023-11-23,0.09281155564531232,
2023-11-24,0.09083108120753092,
2023-11-27,0.09104180106374107,
2023-11-28,0.09092379695648567,
2023-11-29,0.09192497941807877,
2023-11-30,0.09187117410011289,
2023-12-01,0.09120090374582572,
2023-12-04,0.09121345006163535,
2023-12-05,0.09090830342365767,
2023-12-06,0.09242436831872654,
2023-12-07,0.08877014074889394,
2023-12-08,0.0892276327685095,
2023-12-11,0.08996879932512183,
2023-12-12,0.08962885985860869,
2023-12-13,0.08795883401054144,
2023-12-14,0.08888836972440303,
2023-12-15,0.0864052382223128,
2023-12-18,0.087490301892737,
2023-12-19,0.08641261706825756,
2023-12-20,0.08681125532450364,
2023-12-21,0.08427877453557238,-0.008030270732415086
2023-12-22,0.08655072438165577,-0.008030270732415086
2023-12-25,0.09009262196043315,-0.008298509619129906
2023-12-26,0.09236137733197089,-0.008794623889755196
2023-12-27,0.08859592472313256,-0.008794623889755196
2023-12-28,0.08864110278187759,-0.008794623889755196
2023-12-29,0.08758181256170339,-0.008794623889755196
2024-01-01,0.0847504065398375,-0.008794623889755196
2024-01-02,0.08447322193201036,-0.008794623889755196
2024-01-03,0.08429914010506248,-0.008794623889755196
2024-01-04,0.08841153655275161,-0.009328683080368098
2024-01-05,0.08783833378098739,-0.009328683080368098
2024-01-08,0.08786981903408414,-0.009328683080368098
2024-01-09,0.09147700305627239,-0.009463272906741609
2024-01-10,0.09462248353277658,-0.009463272906741609
2024-01-11,0.09458564433334932,-0.009463272906741609
2024-01-12,0.09512414782331044,-0.009463272906741609
2024-01-15,0.09517587504826978,-0.009463272906741609
2024-01-16,0.09578633848904193,-0.009463272906741609
2024-01-17,0.0961747513116768,-0.009463272906741609
2024-01-18,0.09610772523373377,-0.009463272906741609
2024-01-19,0.09645711784949715,-0.009463272906741609
2024-01-22,0.09681890235623451,-0.009463272906741609
2024-01-23,0.09743525148073322,-0.009463272906741609
2024-01-24,0.09753379572932147,-0.009463272906741609
2024-01-25,0.09746422355008798,-0.009463272906741609
2024-01-26,0.09723154637299604,-0.009463272906741609
2024-01-29,0.10165226187212063,-0.009580181228240885
2024-01-30,0.10224149171539276,-0.009580181228240885
2024-01-31,0.10327296164225258,-0.009580181228240885
2024-02-01,0.103103989324769,-0.009580181228240885
2024-02-02,0.10433823318206555,-0.009704283841860194
2024-02-05,0.10192177686491787,-0.009704283841860194
2024-02-06,0.10140358896318391,-0.009704283841860194
2024-02-07,0.10128027724609596,-0.009704283841860194
2024-02-08,0.10156717872914425,-0.009704283841860194
2024-02-09,0.10047103037841976,-0.009704283841860194
2024-02-12,0.10019937389669885,-0.009704283841860194
2024-02-13,0.09929827766741296,-0.009704283841860194
2024-02-14,0.10059997497602571,-0.009704283841860194
2024-02-15,0.10063809228391071,-0.009704283841860194
2024-02-16,0.09931577878670221,-0.009704283841860194
2024-02-19,0.09991961878006336,-0.009704283841860194
2024-02-20,0.09873338008939275,-0.009704283841860194
2024-02-21,0.10093453641508282,-0.009704283841860194
2024-02-22,0.10116068510320833,-0.009704283841860194
2024-02-23,0.10120229243995367,-0.009704283841860194
2024-02-26,0.10018155790671703,-0.009704283841860194
2024-02-27,0.1003001339484802,-0.009704283841860194
2024-02-28,0.1013094293336654,-0.009580181228240885
2024-02-29,0.10177010244633641,-0.009580181228240885
2024-03-01,0.10179753194114931,-0.009580181228240885
2024-03-04,0.10054083483665154,-0.009580181228240885
2024-03-05,0.09840561483153291,-0.009580181228240885
2024-03-06,0.09790385894247772,-0.009580181228240885
2024-03-07,0.09756733188894104,-0.009580181228240885
2024-03-08,0.09758873783070537,-0.009580181228240885
2024-03-11,0.09757578040881326,-0.009580181228240885
2024-03-12,0.09665014051920562,-0.009580181228240885
2024-03-13,0.09646039825325618,-0.009580181228240885
2024-03-14,0.0961086671713058,-0.009580181228240885
2024-03-15,0.09596053078882352,-0.009580181228240885
2024-03-18,0.09558226111712936,-0.009580181228240885
2024-03-19,0.09803457370482122,-0.009704283841860194
2024-03-20,0.09685498706961565,-0.009704283841860194
2024-03-21,0.09379857452210145,-0.009704283841860194
2024-03-22,0.0918908715915366,-0.009704283841860194
2024-03-25,0.09705303076424614,-0.009705339861673021
2024-03-26,0.09916997397700758,-0.009705339861673021
2024-03-27,0.09740855981193075,-0.009705339861673021
2024-03-28,0.09746478789537498,-0.009705339861673021
2024-03-29,0.09745448481880263,-0.009705339861673021
2024-04-01,0.09747550802799729,-0.009705339861673021
2024-04-02,0.09589961621074992,-0.009705339861673021
2024-04-03,0.09585599145845447,-0.009704283841860194
2024-04-04,0.0986596676190782,-0.009704283841860194
2024-04-05,0.09510695259368827,-0.009704283841860194
2024-04-08,0.09169060590523989,-0.009704283841860194
2024-04-09,0.09192106515519671,-0.009704283841860194
2024-04-10,0.09150510367876738,-0.009580181228240885
2024-04-11,0.09142245378745532,-0.009580181228240885
2024-04-12,0.0905700775426231,-0.009580181228240885
2024-04-15,0.09518275512498724,-0.009580181228240885
2024-04-16,0.09525894220238572,-0.009580181228240885
2024-04-17,0.09500196837017251,-0.009580181228240885
2024-04-18,0.09476133239170804,-0.009580181228240885
2024-04-19,0.09490412230797705,-0.009580181228240885
2024-04-22,0.09502600606408765,-0.009580181228240885
2024-04-23,0.09415940893490157,-0.009580181228240885
2024-04-24,0.09474328951378565,-0.009580181228240885
2024-04-25,0.0894187039008796,-0.009580181228240885
2024-04-26,0.09093573254097713,-0.009580181228240885
2024-04-29,0.08942488871294205,-0.009580181228240885
2024-04-30,0.08957931887844015,-0.009580181228240885
2024-05-01,0.0870039011816729,-0.009580181228240885
2024-05-02,0.08717585929064636,-0.009580181228240885
2024-05-03,0.08716696719104408,-0.009580181228240885
2024-05-06,0.08667150749743606,-0.009580181228240885
2024-05-07,0.08734202177632193,-0.009580181228240885
2024-05-08,0.08796073057133176,-0.009580181228240885
2024-05-09,0.08795921804714918,-0.009580181228240885
2024-05-10,0.08806759420209426,-0.009580181228240885
2024-05-13,0.08602248102617219,-0.009580181228240885
2024-05-14,0.08899063419020226,-0.009647442589114456
2024-05-15,0.08895066338101146,-0.009647442589114456
2024-05-16,0.08755152012093623,-0.009647442589114456
2024-05-17,0.08689261279336105,-0.009647442589114456
2024-05-20,0.08525175491906,-0.009647442589114456
2024-05-21,0.084840505912587,-0.009647442589114456
2024-05-22,0.08513354158505712,-0.009647442589114456
2024-05-23,0.08552381280815907,-0.009647442589114456
2024-05-24,0.08489150882864581,-0.009647442589114456
2024-05-27,0.08453895561497773,-0.009647442589114456
2024-05-28,0.08592793563921834,-0.009647442589114456
2024-05-29,0.08659224918212081,-0.009647442589114456
2024-05-30,0.08705222874523186,-0.009647442589114456
2024-05-31,0.08795285139880413,-0.009647442589114456
2024-06-03,0.0928157802069171,-0.009704283841860194
2024-06-04,0.09254832199136516,-0.009704283841860194
2024-06-05,0.0936041333770953,-0.009704283841860194
2024-06-06,0.09685976345332883,-0.009704283841860194
2024-06-07,0.09791102745508823,-0.009704283841860194
2024-06-10,0.09786187713608399,-0.009704283841860194
2024-06-11,0.0985624236875873,-0.009704283841860194
2024-06-12,0.09950563255215963,-0.009704283841860194
2024-06-13,0.0995245480655514,-0.009704283841860194
2024-06-14,0.09735600931518036,-0.009704283841860194
2024-06-17,0.09759268066085135,-0.009704283841860194
2024-06-18,0.09987151675747413,-0.009704283841860194
2024-06-19,0.10218528798980041,-0.009705339861673021
2024-06-20,0.09674577549804693,-0.009705339861673021
2024-06-21,0.09657103726952042,-0.009705339861673021
2024-06-24,0.09693985245538801,-0.009705339861673021
2024-06-25,0.097023278806707,-0.009705339861673021
2024-06-26,0.09705881358308682,-0.009705339861673021
2024-06-27,0.09917473774604589,-0.009705339861673021
2024-06-28,0.09722703360713188,-0.009705339861673021
2024-07-01,0.09737410161654705,-0.009705339861673021
2024-07-02,0.09531638938818407,-0.009705339861673021
2024-07-03,0.09533283588250509,-0.009705339861673021
2024-07-04,0.09785009662583535,-0.009705339861673021
2024-07-05,0.09840805966725748,-0.009705339861673021
2024-07-08,0.09880751382197735,-0.009705339861673021
2024-07-09,0.09899576157631174,-0.009705339861673021
2024-07-10,0.10185247184860062,-0.009717139305162551
2024-07-11,0.0972557702785553,-0.009717139305162551
2024-07-12,0.09719336557113299,-0.009717139305162551
2024-07-15,0.09954844347502298,-0.009717139305162551
2024-07-16,0.09938185260219926,-0.009717139305162551
2024-07-17,0.10064528720508846,-0.009717139305162551
2024-07-18,0.10097088271532459,-0.009717139305162551
2024-07-19,0.10134657947388043,-0.009717139305162551
2024-07-22,0.10179119555011308,-0.009717139305162551
2024-07-23,0.10070396388338212,-0.009717139305162551
2024-07-24,0.09916690285463457,-0.009717139305162551
2024-07-25,0.10043521893756893,-0.009717139305162551
2024-07-26,0.10023099066077829,-0.009717139305162551
2024-07-29,0.10040987374738247,-0.009717139305162551
2024-07-30,0.10035969023545982,-0.009704859471917288
2024-07-31,0.10052867773236447,-0.009704859471917288
2024-08-01,0.10372320050222819,-0.009947285233704074
2024-08-02,0.10355565994358314,-0.009947285233704074
2024-08-05,0.10267735735857524,-0.009947285233704074
2024-08-06,0.10265868268342812,-0.009947285233704074
2024-08-07,0.10299611279546714,-0.009947285233704074
2024-08-08,0.10307967505655423,-0.009947285233704074
2024-08-09,0.10136689595522269,-0.009947285233704074
2024-08-12,0.1013812231292028,-0.009947285233704074
2024-08-13,0.10250182958611022,-0.009947285233704074
2024-08-14,0.10393336738429296,-0.009947285233704074
2024-08-15,0.10364558193576888,-0.009947285233704074
2024-08-16,0.10378685937266158,-0.009947285233704074
2024-08-19,0.10344735746601534,-0.009947285233704074
2024-08-20,0.1032235341130714,-0.009947285233704074
2024-08-21,0.1051974948626426,-0.009947285233704074
2024-08-22,0.10746916751694106,-0.009947285233704074
2024-08-23,0.10648273869250906,-0.009947285233704074
2024-08-26,0.10710112064175856,-0.009947285233704074
2024-08-27,0.10787792357127056,-0.009947285233704074
2024-08-28,0.1074230792522691,-0.009947285233704074
2024-08-29,0.10375837086552876,-0.009947285233704074
2024-08-30,0.10481343115931235,-0.009947285233704074
2024-09-02,0.10394704916032371,-0.009947285233704074
2024-09-03,0.10073912144539296,-0.009947285233704074
2024-09-04,0.0993662538593468,-0.009947285233704074
2024-09-05,0.09959631442947643,-0.009947285233704074
2024-09-06,0.10138586148211963,-0.010247700053216456
2024-09-09,0.10010816615749538,-0.010247700053216456
2024-09-10,0.1002581210396499,-0.010247700053216456
2024-09-11,0.09983900162151703,-0.010247700053216456
2024-09-12,0.09968424399434296,-0.010247700053216456
2024-09-13,0.09795503282070207,-0.010247700053216456
2024-09-16,0.09589085278521499,-0.010247700053216456
2024-09-17,0.09589337821873418,-0.009947285233704074
2024-09-18,0.0941000849941343,-0.009947285233704074
2024-09-19,0.0946287416623183,-0.009929948223170702
2024-09-20,0.09497417572680689,-0.009929948223170702
2024-09-23,0.0974261336609788,-0.010247700053216456
2024-09-24,0.09443600088436505,-0.010247700053216456
2024-09-25,0.0990478809408512,-0.010247700053216456
2024-09-26,0.10013185402383605,-0.010247700053216456
2024-09-27,0.10151834861208762,-0.010247700053216456
2024-09-30,0.10244275597183887,-0.010247700053216456
2024-10-01,0.10131329862541544,-0.010247700053216456
2024-10-02,0.10037626038063363,-0.010247700053216456
2024-10-03,0.10058634771643558,-0.010247700053216456
2024-10-04,0.10066974150342897,-0.010247700053216456
2024-10-07,0.09904812968431709,-0.010247700053216456
2024-10-08,0.09907270088736769,-0.010247700053216456
2024-10-09,0.0995714878895017,-0.010247700053216456
2024-10-10,0.09705195329877983,-0.010247700053216456
2024-10-11,0.09743513061439094,-0.010247700053216456
2024-10-14,0.09543280404793902,-0.010247700053216456
2024-10-15,0.09542215876827297,-0.010247700053216456
2024-10-16,0.0952707041236882,-0.010247700053216456
2024-10-17,0.09514018518284711,-0.010247700053216456
2024-10-18,0.09505185030893538,-0.010247700053216456
2024-10-21,0.09521863236381907,-0.010247700053216456
2024-10-22,0.09616733702588952,-0.010247700053216456
2024-10-23,0.09639173401032401,-0.010247700053216456
2024-10-24,0.09598135244183373,-0.010247700053216456
2024-10-25,0.09604577643163421,-0.01003613051318914
2024-10-28,0.09998523451799093,-0.01003613051318914
2024-10-29,0.0966675093128374,-0.01003613051318914
2024-10-30,0.095720739076457,-0.01003613051318914
2024-10-31,0.09571945897729164,-0.01003613051318914
2024-11-01,0.09905141972414148,-0.01003613051318914
2024-11-04,0.0987961011815427,-0.01003613051318914
2024-11-05,0.09812218897343912,-0.01003613051318914
2024-11-06,0.09886282630598173,-0.01003613051318914
2024-11-07,0.09926367095314956,-0.01003613051318914
2024-11-08,0.09863508949227753,-0.01003613051318914
2024-11-11,0.09699528813175855,-0.01003613051318914
2024-11-12,0.09861966552738759,-0.01003613051318914
2024-11-13,0.09862693078357748,-0.01003613051318914
2024-11-14,0.0987325909056062,-0.01003613051318914
2024-11-15,0.10123076381124255,-0.01003613051318914
2024-11-18,0.10022822396692141,-0.01003613051318914
2024-11-19,0.09801485856120305,-0.01003613051318914
2024-11-20,0.09822225801380724,-0.01003613051318914
2024-11-21,0.09755766714196361,-0.01003613051318914
2024-11-22,0.09650604849900134,-0.01003613051318914
2024-11-25,0.10240220184721276,-0.01003613051318914
2024-11-26,0.10252735883540917,-0.01003613051318914
2024-11-27,0.1013631561635546,-0.01003613051318914
2024-11-28,0.10143522570467975,-0.01003613051318914
2024-11-29,0.10149559815401384,-0.01003613051318914
2024-12-02,0.10210170617499897,-0.01003613051318914
2024-12-03,0.10234532049761032,-0.01003613051318914
2024-12-04,0.10152121994846246,-0.01003613051318914
2024-12-05,0.10380810660718877,-0.010247700053216456
2024-12-06,0.10411468692586205,-0.010247700053216456
2024-12-09,0.10607232926287985,-0.010247700053216456
2024-12-10,0.10495087139376819,-0.010247700053216456
2024-12-11,0.10580156837791599,-0.010187168220283517
2024-12-12,0.1085892999382893,-0.010247700053216456
2024-12-13,0.10859465646936527,-0.010247700053216456
2024-12-16,0.11000953462599031,-0.010247700053216456
2024-12-17,0.1089484634345657,-0.010247700053216456
2024-12-18,0.10881340941825002,-0.010247700053216456
2024-12-19,0.10646028232141512,-0.010247700053216456
2024-12-20,0.10659210731235265,-0.010247700053216456
2024-12-23,0.10164082060693204,-0.010187168220283517
2024-12-24,0.10055308509881962,-0.010187168220283517
2024-12-25,0.09923129842474218,-0.010187168220283517
2024-12-26,0.09811103282229286,-0.009991156587116093
2024-12-27,0.09767742962346215,-0.009991156587116093
2024-12-30,0.09827775634659577,-0.009991156587116093
2024-12-31,0.09863777620561091,-0.009991156587116093
2025-01-01,0.09865430842265124,-0.009991156587116093
2025-01-02,0.09796634688539492,-0.009991156587116093
2025-01-03,0.09799775951453896,-0.009991156587116093
2025-01-06,0.0976999259346927,-0.009991156587116093
2025-01-07,0.09784561308747439,-0.009991156587116093
2025-01-08,0.09748764654232388,-0.009991156587116093
2025-01-09,0.09768091617562542,-0.009991156587116093
2025-01-10,0.09724418699725211,-0.009991156587116093
2025-01-13,0.09687620787413319,-0.009991156587116093
2025-01-14,0.09824684955676158,-0.009991156587116093
2025-01-15,0.09841998335345462,-0.009761397991293169
2025-01-16,0.0982681522737951,-0.009761397991293169
2025-01-17,0.09888950597507656,-0.009991156587116093
2025-01-20,0.10017581847285939,-0.009991156587116093
2025-01-21,0.10013592614063543,-0.009761397991293169
2025-01-22,0.10068926600109594,-0.009761397991293169
2025-01-23,0.09653925895315893,-0.009761397991293169
2025-01-24,0.09677798082654093,-0.009761397991293169
2025-01-27,0.09680572138635282,-0.009761397991293169
2025-01-28,0.0968751449343046,-0.009761397991293169
2025-01-29,0.09302476795817556,-0.009761397991293169
2025-01-30,0.09255588924477913,-0.009761397991293169
2025-01-31,0.09274074631856051,-0.009761397991293169
2025-02-03,0.09530932582499863,-0.009991156587116093
2025-02-04,0.09512785414616513,-0.009991156587116093
2025-02-05,0.09473774014527973,-0.009991156587116093
2025-02-06,0.0947748951419044,-0.009991156587116093
2025-02-07,0.0951256468941109,-0.009991156587116093
2025-02-10,0.09496620485968664,-0.009991156587116093
2025-02-11,0.09486225745984342,-0.009991156587116093
2025-02-12,0.09328243876685138,-0.009991156587116093
2025-02-13,0.09296761063259895,-0.009991156587116093
2025-02-14,0.0921972786413505,-0.009991156587116093
2025-02-17,0.09221978786419154,-0.009991156587116093
2025-02-18,0.09137490152541611,-0.009991156587116093
2025-02-19,0.09138759862744518,-0.009991156587116093
2025-02-20,0.08403278419277047,-0.009991156587116093
2025-02-21,0.08369228015103408,-0.009991156587116093
2025-02-24,0.08368247514971992,-0.009991156587116093
2025-02-25,0.08402205556263587,-0.009991156587116093
2025-02-26,0.08866040341210614,-0.009991156587116093
2025-02-27,0.08927377400073674,-0.009991156587116093
2025-02-28,0.08920935203727111,-0.009991156587116093
2025-03-03,0.0874237410639661,-0.009991156587116093
2025-03-04,0.08568066721719966,-0.009991156587116093
2025-03-05,0.08907742229955026,-0.010187168220283517
2025-03-06,0.08724867797577919,-0.009991156587116093
2025-03-07,0.08982429741871162,-0.010187168220283517
2025-03-10,0.09075090170423959,-0.010187168220283517
2025-03-11,0.08773965431544903,-0.010187168220283517
2025-03-12,0.08974800957154434,-0.009991156587116093
2025-03-13,0.08720343768016627,-0.009991156587116093
2025-03-14,0.09026725705226389,-0.010187168220283517
2025-03-17,0.08973572969031735,-0.010187168220283517
2025-03-18,0.09037283479177652,-0.010187168220283517
2025-03-19,0.09095899949639216,-0.010187168220283517
2025-03-20,0.09116078443410107,-0.010187168220283517
2025-03-21,0.09136596863842804,-0.010187168220283517
2025-03-24,0.09248756664596428,-0.010187168220283517
2025-03-25,0.09266277856461147,-0.010187168220283517
2025-03-26,0.09282409753372485,-0.010187168220283517
2025-03-27,0.09325011789724993,-0.010187168220283517
2025-03-28,0.09370530232087239,-0.010187168220283517
2025-03-31,0.09366731356679778,-0.010187168220283517
2025-04-01,0.0940110927884249,-0.010187168220283517
2025-04-02,0.09414393403146039,-0.010187168220283517
2025-04-03,0.09460508107655563,-0.010187168220283517
2025-04-04,0.0944642710467766,-0.010187168220283517
2025-04-07,0.09547131819772452,-0.010187168220283517
2025-04-08,0.096120470790776,-0.010187168220283517
2025-04-09,0.09772820450902805,-0.010187168220283517
2025-04-10,0.09968656097358658,-0.010187168220283517
2025-04-11,0.097163097756438,-0.010187168220283517
2025-04-14,0.09722669402792185,-0.010187168220283517
2025-04-15,0.09771575954030955,-0.010187168220283517
2025-04-16,0.09570312064051206,-0.010187168220283517
2025-04-17,0.09538629116769175,-0.010187168220283517
2025-04-18,0.09558880646787227,-0.010187168220283517
2025-04-21,0.09505049500770492,-0.010187168220283517
2025-04-22,0.09974260754955579,-0.010187168220283517
2025-04-23,0.10041779350250492,-0.010187168220283517
2025-04-24,0.10120938696292865,-0.010187168220283517
2025-04-25,0.10173892353922605,-0.010187168220283517
2025-04-28,0.10308098194691044,-0.010187168220283517
2025-04-29,0.10729145808781929,-0.010187168220283517
2025-04-30,0.10696145920499767,-0.010187168220283517
2025-05-01,0.10475085381103034,-0.010187168220283517
2025-05-02,0.10487941170834392,-0.010187168220283517
2025-05-05,0.10453807387341006,-0.010187168220283517
2025-05-06,0.10704319726901354,-0.010187168220283517
2025-05-07,0.10562244081621056,-0.010187168220283517
2025-05-08,0.10548233860047777,-0.010187168220283517
2025-05-09,0.10563958741816619,-0.010187168220283517
2025-05-12,0.10494843799653208,-0.010187168220283517
2025-05-13,0.10490979303450512,-0.010187168220283517
2025-05-14,0.10564529312982827,-0.010187168220283517
2025-05-15,0.10538339671093709,-0.010187168220283517
2025-05-16,0.10546233019419639,-0.010187168220283517
2025-05-19,0.10577450566997593,-0.010187168220283517
2025-05-20,0.10581913039001911,-0.010187168220283517
2025-05-21,0.10648568379700353,-0.01003818060488546
2025-05-22,0.10829314184073081,-0.01003818060488546
2025-05-23,0.10814454014313393,-0.01003818060488546
2025-05-26,0.10493597807498432,-0.01003818060488546
2025-05-27,0.10479567861919975,-0.01003818060488546
2025-05-28,0.10441553398931484,-0.01003818060488546
2025-05-29,0.10305872238154955,-0.01003818060488546
2025-05-30,0.10412513481868554,-0.01003818060488546
2025-06-02,0.10076021981984509,-0.01003818060488546
2025-06-03,0.10053247146289657,-0.01003818060488546
2025-06-04,0.10173841506524903,-0.01003818060488546
2025-06-05,0.09979534360407528,-0.01003818060488546
2025-06-06,0.09984747610445949,-0.00990605447766836
2025-06-09,0.0989579456140388,-0.00990605447766836
2025-06-10,0.09927928698111309,-0.00990605447766836
2025-06-11,0.09783686796103772,-0.00990605447766836
2025-06-12,0.09776973890973759,-0.00990605447766836
2025-06-13,0.09657219732950861,-0.00990605447766836
2025-06-16,0.09525316721793509,-0.00990605447766836
2025-06-17,0.09573697269182622,-0.00990605447766836
2025-06-18,0.09484951599853503,-0.00990605447766836
2025-06-19,0.09510355082610233,-0.00990605447766836
2025-06-20,0.10030915963184839,-0.01003818060488546
2025-06-23,0.10083588755765412,-0.01003818060488546
2025-06-24,0.10132877172490476,-0.01003818060488546
2025-06-25,0.10370341537455859,-0.010220689972339193
2025-06-26,0.10377569628623359,-0.010220689972339193
2025-06-27,0.10307657558566798,-0.01003818060488546
2025-06-30,0.10311219789070976,-0.01003818060488546
2025-07-01,0.1037071273249285,-0.01003818060488546
2025-07-02,0.10369924672890776,-0.01003818060488546
2025-07-03,0.10347542672147794,-0.01003818060488546
2025-07-04,0.10217417440599819,-0.01003818060488546
2025-07-07,0.10059161657503031,-0.01003818060488546
2025-07-08,0.10042805584508877,-0.01003818060488546
2025-07-09,0.10037314291806027,-0.01003818060488546
2025-07-10,0.10042335069718208,-0.01003818060488546
2025-07-11,0.1004988926132302,-0.01003818060488546
2025-07-14,0.09988832319632758,-0.01003818060488546
2025-07-15,0.09972564043965036,-0.01003818060488546
2025-07-16,0.10138988178924237,-0.01003818060488546
2025-07-17,0.10135864182779651,-0.01003818060488546
2025-07-18,0.09881327693288953,-0.01003818060488546
2025-07-21,0.09860018692779068,-0.00990605447766836
2025-07-22,0.09829557573881269,-0.00990605447766836
2025-07-23,0.09825112182298125,-0.00990605447766836
2025-07-24,0.09775766860364604,-0.00990605447766836
2025-07-25,0.09595375707897096,-0.00990605447766836
2025-07-28,0.09885627584994679,-0.00990605447766836
2025-07-29,0.0973437232026464,-0.00990605447766836
2025-07-30,0.09728115515360247,-0.00990605447766836
2025-07-31,0.09727767491308938,-0.00990605447766836
2025-08-01,0.09798753186784917,-0.01003818060488546
2025-08-04,0.09807152829118161,-0.01003818060488546
2025-08-05,0.09791064197205085,-0.01003818060488546
2025-08-06,0.09765226435197764,-0.01003818060488546
2025-08-07,0.09914142637019446,-0.01003818060488546
2025-08-08,0.0985861403392779,-0.01003818060488546
2025-08-11,0.09847062538006367,-0.01003818060488546
2025-08-12,0.09838823416649847,-0.01003818060488546
2025-08-13,0.09964874895472838,-0.01003818060488546
2025-08-14,0.10029408062573776,-0.01003818060488546
2025-08-15,0.10041985103834251,-0.01003818060488546
2025-08-18,0.10002358369107382,-0.01003818060488546
2025-08-19,0.09862098862809511,-0.01003818060488546
2025-08-20,0.0998711701295069,-0.01003818060488546
2025-08-21,0.09970635378022859,-0.01003818060488546
2025-08-22,0.09996710722750131,-0.01003818060488546
2025-08-25,0.09902018513223015,-0.01003818060488546
2025-08-26,0.09922640518570154,-0.00990605447766836
2025-08-27,0.09829384461425379,-0.00990605447766836
2025-08-28,0.09910773368690942,-0.00990605447766836
2025-08-29,0.09914632529408933,-0.00990605447766836
2025-09-01,0.09455867345105534,-0.00990605447766836
2025-09-02,0.09421216245022032,-0.00990605447766836
2025-09-03,0.09435572201207577,-0.00990605447766836
2025-09-04,0.09494255337067409,-0.00990605447766836
2025-09-05,0.09560947500206728,-0.00990605447766836
2025-09-08,0.09319973912523706,-0.00990605447766836
2025-09-09,0.09416188810897898,-0.00990605447766836
2025-09-10,0.09416608580688025,-0.009626533438619666
2025-09-11,0.09437351295072262,-0.009626533438619666
2025-09-12,0.09397643597675838,-0.009626533438619666
2025-09-15,0.09775716826725937,-0.00990605447766836
2025-09-16,0.09823930746608023,-0.00990605447766836
2025-09-17,0.09665136205350247,-0.01003818060488546
2025-09-18,0.09773267085924373,-0.01003818060488546
2025-09-19,0.09911477287304178,-0.010053497949662838
2025-09-22,0.10281721457292796,-0.010053497949662838
2025-09-23,0.10302901999546163,-0.010053497949662838
2025-09-24,0.10304371958354241,-0.010053497949662838
2025-09-25,0.10308950639692942,-0.010053497949662838
2025-09-26,0.1031984116750902,-0.010053497949662838
2025-09-29,0.10510802574336593,-0.010053497949662838
2025-09-30,0.10651215200489014,-0.010053497949662838
2025-10-01,0.10643715375672919,-0.010053497949662838
2025-10-02,0.1053428264494194,-0.010053497949662838
2025-10-03,0.10452178587739866,-0.010053497949662838
2025-10-06,0.10493226753478897,-0.010053497949662838
2025-10-07,0.10518309404591746,-0.010053497949662838
2025-10-08,0.10567269833768014,-0.010053497949662838
2025-10-09,0.10585787927655237,-0.010053497949662838
2025-10-10,0.10577837600434986,-0.010053497949662838
2025-10-13,0.10464116609175529,-0.010053497949662838
2025-10-14,0.10494852115413718,-0.010053497949662838
2025-10-15,0.10414654487733478,-0.010053497949662838
2025-10-16,0.10440654360796725,-0.010053497949662838
2025-10-17,0.10567936691042598,-0.010053497949662838
2025-10-20,0.10588713799122965,-0.010053497949662838
2025-10-21,0.10577592682805326,-0.010053497949662838
2025-10-22,0.10721138036982196,-0.010220689972339193
2025-10-23,0.10423758626718012,-0.010220689972339193
2025-10-24,0.10456626615610225,-0.010220689972339193
2025-10-27,0.10633091803968026,-0.010220689972339193
2025-10-28,0.1065014273468012,-0.010220689972339193
2025-10-29,0.10435822867395717,-0.010220689972339193
2025-10-30,0.10670797110995453,-0.010220689972339193
2025-10-31,0.10882976346883293,-0.010220689972339193
2025-11-03,0.10935690805589941,-0.010220689972339193
2025-11-04,0.10870913941989206,-0.010220689972339193
2025-11-05,0.10954876606711599,-0.010220689972339193
2025-11-06,0.10963854594813742,-0.010220689972339193
2025-11-07,0.10999630115518223,-0.010220689972339193
2025-11-10,0.11070635323294471,-0.010220689972339193
2025-11-11,0.11040243663923172,-0.010220689972339193
2025-11-12,0.11046441709293005,-0.010220689972339193
2025-11-13,0.11140295866064982,-0.010220689972339193
2025-11-14,0.1111477521821696,-0.010220689972339193
2025-11-17,0.11361494851401606,-0.010416946747326194
2025-11-18,0.11362329959170915,-0.010416946747326194
2025-11-19,0.11332416756867196,-0.010416946747326194
2025-11-20,0.11378445326751924,-0.010416946747326194
2025-11-21,0.1140868599683871,-0.010416946747326194
2025-11-24,0.1138324672819416,-0.010321007585168861
2025-11-25,0.11333917721593993,-0.010321007585168861
2025-11-26,0.11325716416813911,-0.01023231124062123
2025-11-27,0.1164184576468509,-0.010722416322784947
2025-11-28,0.11653390157995339,-0.010722416322784947
2025-12-01,0.11902740138819912,-0.01023231124062123
2025-12-02,0.11890590148057849,-0.01023231124062123
2025-12-03,0.11803001400397031,-0.01023231124062123
2025-12-04,0.11812048947657365,-0.01023231124062123
2025-12-05,0.11727681255965966,-0.01023231124062123
2025-12-08,0.11721920555109758,-0.01023231124062123
2025-12-09,0.11707703822171384,-0.01023231124062123
2025-12-10,0.11724488043080145,-0.01023231124062123
2025-12-11,0.11635183395694577,-0.01023231124062123
2025-12-12,0.11566882341911236,-0.01023231124062123
2025-12-15,0.11303085336404647,-0.01023231124062123
2025-12-16,0.11097881233794361,-0.01023231124062123
2025-12-17,0.10947385368559066,-0.01023231124062123
2025-12-18,0.10344202758573512,-0.01023231124062123
2025-12-19,0.10356604688006478,-0.01023231124062123
2025-12-22,0.1041991751977108,-0.01023231124062123
2025-12-23,0.1058437972317116,-0.01023231124062123
2025-12-24,0.10441622595616837,-0.01023231124062123
2025-12-25,0.1024601620839488,-0.01023231124062123
2025-12-26,0.10052458646157834,-0.01023231124062123
2025-12-29,0.10029380500258714,-0.01023231124062123
2025-12-30,0.10369305602885893,-0.010722416322784947
2025-12-31,0.10345384144518094,-0.010722416322784947
